activo,franja,estrat,tp,ttl,P1_n,P1_pnl,P1_win,P1_PF,P1_DD,P2_n,P2_pnl,P2_win,P2_PF,P2_DD,P3_n,P3_pnl,P3_win,P3_PF,P3_DD
XAUUSDm,00-02,BREAK24,2.0,24,579,0.0,33.3,1.0,-47.0,299,-11.0,32.1,0.95,-28.0,266,31.0,36.8,1.19,-18.0
XAUUSDm,00-02,BREAK24,2.0,48,579,0.0,33.3,1.0,-47.0,299,-11.0,32.1,0.95,-28.0,266,34.0,37.6,1.2,-18.0
XAUUSDm,00-02,BREAK24,2.5,24,551,-3.0,28.3,0.99,-54.5,286,10.0,29.4,1.05,-30.0,254,52.5,34.3,1.32,-20.5
XAUUSDm,00-02,BREAK24,2.5,48,551,-1.5,28.5,1.0,-54.5,286,10.0,29.4,1.05,-30.0,254,54.0,34.6,1.33,-20.5
XAUUSDm,00-02,BREAK24,3.0,24,543,15.0,25.6,1.04,-51.0,273,17.0,26.4,1.09,-27.0,245,23.0,26.9,1.13,-21.0
XAUUSDm,00-02,BREAK24,3.0,48,543,13.0,25.6,1.03,-51.0,273,17.0,26.4,1.09,-27.0,245,27.0,27.8,1.15,-18.0
XAUUSDm,00-02,BREAK48,2.0,24,429,-21.0,31.7,0.93,-40.0,235,-16.0,31.1,0.9,-31.0,200,15.0,35.5,1.12,-20.0
XAUUSDm,00-02,BREAK48,2.0,48,429,-21.0,31.7,0.93,-40.0,235,-16.0,31.1,0.9,-31.0,200,19.0,36.5,1.15,-20.0
XAUUSDm,00-02,BREAK48,2.5,24,409,-19.5,27.1,0.93,-35.5,227,-6.5,27.8,0.96,-29.0,191,34.0,33.5,1.27,-20.0
XAUUSDm,00-02,BREAK48,2.5,48,409,-20.5,27.1,0.93,-35.5,227,-6.5,27.8,0.96,-29.0,191,36.5,34.0,1.29,-20.0
XAUUSDm,00-02,BREAK48,3.0,24,405,-7.0,24.4,0.98,-36.0,218,-6.0,24.3,0.96,-30.0,186,4.0,25.3,1.03,-21.0
XAUUSDm,00-02,BREAK48,3.0,48,405,-9.0,24.4,0.97,-36.0,218,-6.0,24.3,0.96,-30.0,186,6.0,25.8,1.04,-21.0
XAUUSDm,00-02,MOMEMA,2.0,24,985,89.0,36.3,1.14,-48.0,548,-1.0,33.2,1.0,-34.0,485,61.0,37.3,1.2,-18.0
XAUUSDm,00-02,MOMEMA,2.0,48,985,89.0,36.3,1.14,-48.0,548,1.0,33.4,1.0,-34.0,485,64.0,37.7,1.21,-18.0
XAUUSDm,00-02,MOMEMA,2.5,24,928,90.0,31.2,1.14,-50.0,517,34.0,30.2,1.1,-30.0,461,84.0,33.4,1.28,-20.5
XAUUSDm,00-02,MOMEMA,2.5,48,928,97.5,31.6,1.15,-50.0,517,41.5,30.8,1.12,-30.0,461,89.5,34.1,1.3,-20.5
XAUUSDm,00-02,MOMEMA,3.0,24,895,109.0,27.8,1.17,-59.0,489,54.0,27.4,1.16,-32.0,433,72.0,28.6,1.24,-19.0
XAUUSDm,00-02,MOMEMA,3.0,48,895,122.0,28.4,1.19,-59.0,489,62.0,28.0,1.18,-31.0,433,78.0,29.3,1.26,-19.0
XAUUSDm,00-02,EMACROSS,2.0,24,140,31.0,40.7,1.37,-9.0,92,-23.0,25.0,0.67,-29.0,80,14.0,38.8,1.29,-15.0
XAUUSDm,00-02,EMACROSS,2.0,48,140,31.0,40.7,1.37,-9.0,92,-23.0,25.0,0.67,-29.0,80,16.0,40.0,1.33,-13.0
XAUUSDm,00-02,EMACROSS,2.5,24,140,28.0,34.3,1.3,-17.0,92,-19.0,21.7,0.72,-29.0,80,12.0,32.5,1.23,-19.5
XAUUSDm,00-02,EMACROSS,2.5,48,140,28.0,34.3,1.3,-17.0,92,-20.0,21.7,0.71,-30.0,80,14.5,33.8,1.27,-17.0
XAUUSDm,00-02,EMACROSS,3.0,24,140,7.0,25.7,1.07,-26.0,92,-16.0,19.6,0.77,-30.0,80,6.0,26.2,1.11,-23.0
XAUUSDm,00-02,EMACROSS,3.0,48,140,12.0,27.1,1.12,-24.0,92,-18.0,19.6,0.75,-32.0,80,12.0,28.7,1.21,-20.0
XAUUSDm,00-02,RETEST24,2.0,24,608,-1.0,33.2,1.0,-40.0,339,-29.0,30.4,0.88,-38.0,305,-14.0,31.5,0.93,-29.0
XAUUSDm,00-02,RETEST24,2.0,48,608,-1.0,33.2,1.0,-40.0,339,-27.0,30.7,0.89,-38.0,305,-13.0,31.8,0.94,-29.0
XAUUSDm,00-02,RETEST24,2.5,24,595,12.5,29.1,1.03,-43.0,336,-26.0,26.2,0.89,-37.5,296,-11.0,27.0,0.95,-28.5
XAUUSDm,00-02,RETEST24,2.5,48,595,11.5,29.1,1.03,-43.0,336,-24.5,26.5,0.9,-38.5,296,-7.0,27.7,0.97,-29.5
XAUUSDm,00-02,RETEST24,3.0,24,587,21.0,25.7,1.05,-39.0,332,-2.0,24.7,0.99,-33.0,292,-14.0,23.3,0.94,-35.0
XAUUSDm,00-02,RETEST24,3.0,48,587,18.0,25.7,1.04,-41.0,332,-3.0,24.7,0.99,-34.0,292,-9.0,24.0,0.96,-36.0
XAUUSDm,00-02,RETEST48,2.0,24,456,4.0,33.6,1.01,-27.0,271,-7.0,32.5,0.96,-20.0,235,5.0,33.6,1.03,-19.0
XAUUSDm,00-02,RETEST48,2.0,48,456,4.0,33.6,1.01,-27.0,271,-7.0,32.5,0.96,-20.0,235,6.0,34.0,1.04,-20.0
XAUUSDm,00-02,RETEST48,2.5,24,450,7.0,28.9,1.02,-29.0,268,-4.5,28.0,0.98,-17.5,230,-2.0,27.8,0.99,-22.0
XAUUSDm,00-02,RETEST48,2.5,48,450,6.0,28.9,1.02,-29.0,268,-5.5,28.0,0.97,-18.5,230,2.0,28.7,1.01,-23.0
XAUUSDm,00-02,RETEST48,3.0,24,447,6.0,25.1,1.02,-37.0,265,20.0,26.8,1.1,-16.0,228,-4.0,24.1,0.98,-29.0
XAUUSDm,00-02,RETEST48,3.0,48,447,6.0,25.3,1.02,-37.0,265,19.0,26.8,1.1,-16.0,228,-2.0,24.6,0.99,-30.0
XAUUSDm,00-02,VWAP,2.0,24,701,76.0,36.9,1.17,-46.0,386,-8.0,32.6,0.97,-24.0,349,17.0,35.0,1.07,-27.0
XAUUSDm,00-02,VWAP,2.0,48,701,76.0,36.9,1.17,-46.0,386,-8.0,32.6,0.97,-24.0,349,17.0,35.0,1.07,-27.0
XAUUSDm,00-02,VWAP,2.5,24,673,43.0,30.3,1.09,-61.0,373,-2.0,28.4,0.99,-24.0,338,16.5,29.9,1.07,-29.5
XAUUSDm,00-02,VWAP,2.5,48,673,42.0,30.3,1.09,-62.0,373,-2.0,28.4,0.99,-24.0,338,15.5,29.9,1.07,-29.5
XAUUSDm,00-02,VWAP,3.0,24,651,82.0,28.0,1.18,-58.0,368,20.0,26.4,1.07,-26.0,326,12.0,25.8,1.05,-32.0
XAUUSDm,00-02,VWAP,3.0,48,651,82.0,28.1,1.18,-59.0,368,20.0,26.4,1.07,-26.0,326,10.0,25.8,1.04,-33.0
XAUUSDm,00-02,RSI2,2.0,24,586,-37.0,31.2,0.91,-80.0,320,-26.0,30.6,0.88,-44.0,288,-49.0,27.4,0.76,-50.0
XAUUSDm,00-02,RSI2,2.0,48,586,-37.0,31.2,0.91,-80.0,320,-26.0,30.6,0.88,-44.0,288,-48.0,27.8,0.77,-49.0
XAUUSDm,00-02,RSI2,2.5,24,574,-23.5,27.4,0.94,-67.5,314,-39.0,24.8,0.83,-52.0,282,-62.0,22.0,0.71,-63.5
XAUUSDm,00-02,RSI2,2.5,48,574,-21.0,27.5,0.95,-65.5,314,-36.5,25.2,0.84,-49.5,282,-64.0,22.0,0.71,-65.5
XAUUSDm,00-02,RSI2,3.0,24,565,-18.0,24.1,0.96,-63.0,311,-26.0,22.5,0.89,-47.0,277,-61.0,19.1,0.72,-63.0
XAUUSDm,00-02,RSI2,3.0,48,565,-9.0,24.6,0.98,-57.0,311,-29.0,22.5,0.88,-50.0,277,-64.0,19.1,0.71,-66.0
XAUUSDm,02-04,BREAK24,2.0,24,304,70.0,40.5,1.4,-13.0,179,-4.0,31.8,0.97,-16.0,136,-23.0,27.2,0.76,-24.0
XAUUSDm,02-04,BREAK24,2.0,48,304,74.0,41.4,1.42,-13.0,179,1.0,33.5,1.01,-16.0,136,-25.0,27.2,0.75,-26.0
XAUUSDm,02-04,BREAK24,2.5,24,291,87.0,36.4,1.49,-14.5,174,-14.5,24.7,0.88,-18.0,132,-31.5,20.5,0.68,-36.0
XAUUSDm,02-04,BREAK24,2.5,48,291,90.5,37.5,1.5,-15.0,174,-15.5,25.9,0.88,-21.5,132,-30.5,22.0,0.7,-37.0
XAUUSDm,02-04,BREAK24,3.0,24,279,76.0,30.5,1.42,-18.0,167,-13.0,21.6,0.89,-23.0,130,-30.0,17.7,0.7,-35.0
XAUUSDm,02-04,BREAK24,3.0,48,279,94.0,33.3,1.51,-18.0,167,-10.0,23.4,0.92,-25.0,130,-26.0,20.0,0.75,-37.0
XAUUSDm,02-04,BREAK48,2.0,24,237,61.0,41.4,1.45,-10.0,124,-1.0,32.3,0.99,-19.0,92,-23.0,25.0,0.67,-26.0
XAUUSDm,02-04,BREAK48,2.0,48,237,63.0,42.2,1.46,-10.0,124,2.0,33.9,1.02,-19.0,92,-23.0,25.0,0.67,-26.0
XAUUSDm,02-04,BREAK48,2.5,24,229,56.0,34.9,1.39,-11.5,120,-5.5,25.8,0.93,-19.5,89,-21.5,21.3,0.69,-28.5
XAUUSDm,02-04,BREAK48,2.5,48,229,58.0,35.8,1.39,-11.5,120,-3.5,27.5,0.96,-20.5,89,-22.5,21.3,0.68,-29.5
XAUUSDm,02-04,BREAK48,3.0,24,221,55.0,30.3,1.38,-14.0,116,-1.0,23.3,0.99,-17.0,87,-14.0,20.7,0.79,-24.0
XAUUSDm,02-04,BREAK48,3.0,48,221,67.0,32.6,1.45,-14.0,116,5.0,25.9,1.06,-15.0,87,-15.0,20.7,0.78,-25.0
XAUUSDm,02-04,MOMEMA,2.0,24,712,98.0,37.4,1.23,-38.0,404,26.0,34.7,1.1,-28.0,325,34.0,36.3,1.17,-14.0
XAUUSDm,02-04,MOMEMA,2.0,48,712,98.0,37.9,1.22,-35.0,404,40.0,36.6,1.16,-28.0,325,38.0,37.2,1.19,-13.0
XAUUSDm,02-04,MOMEMA,2.5,24,677,74.0,30.7,1.17,-38.5,379,21.0,29.0,1.08,-28.0,312,5.0,26.9,1.02,-18.5
XAUUSDm,02-04,MOMEMA,2.5,48,677,93.0,32.5,1.2,-34.5,379,28.0,30.6,1.11,-24.0,312,17.0,30.1,1.08,-18.5
XAUUSDm,02-04,MOMEMA,3.0,24,641,53.0,25.6,1.12,-46.0,355,28.0,25.4,1.12,-20.0,296,-14.0,21.3,0.93,-32.0
XAUUSDm,02-04,MOMEMA,3.0,48,641,91.0,28.5,1.2,-36.0,355,49.0,28.5,1.19,-19.0,296,13.0,26.0,1.06,-24.0
XAUUSDm,02-04,EMACROSS,2.0,24,90,31.0,44.4,1.63,-7.0,68,2.0,33.8,1.05,-10.0,45,2.0,33.3,1.07,-14.0
XAUUSDm,02-04,EMACROSS,2.0,48,90,33.0,45.6,1.67,-7.0,68,1.0,33.8,1.02,-11.0,45,6.0,37.8,1.21,-12.0
XAUUSDm,02-04,EMACROSS,2.5,24,90,32.0,37.8,1.6,-6.0,68,10.0,32.4,1.22,-9.0,45,-2.5,24.4,0.92,-18.0
XAUUSDm,02-04,EMACROSS,2.5,48,90,36.0,40.0,1.67,-6.0,68,9.0,32.4,1.2,-10.0,45,4.0,31.1,1.13,-13.0
XAUUSDm,02-04,EMACROSS,3.0,24,90,39.0,34.4,1.72,-7.0,68,15.0,29.4,1.33,-8.0,45,-4.0,20.0,0.87,-17.0
XAUUSDm,02-04,EMACROSS,3.0,48,90,46.0,37.8,1.82,-7.0,68,16.0,30.9,1.34,-9.0,45,0.0,24.4,1.0,-18.0
XAUUSDm,02-04,RETEST24,2.0,24,378,-23.0,31.0,0.91,-40.0,212,-13.0,30.7,0.91,-28.0,192,-13.0,30.2,0.9,-20.0
XAUUSDm,02-04,RETEST24,2.0,48,378,-21.0,31.5,0.92,-39.0,212,-8.0,32.1,0.94,-26.0,192,-9.0,31.8,0.93,-16.0
XAUUSDm,02-04,RETEST24,2.5,24,375,-42.0,24.5,0.85,-52.5,210,-13.0,25.7,0.91,-39.0,192,-16.5,24.5,0.88,-18.5
XAUUSDm,02-04,RETEST24,2.5,48,375,-27.5,26.4,0.9,-44.5,210,-7.0,27.6,0.95,-35.0,192,-6.5,27.6,0.95,-16.5
XAUUSDm,02-04,RETEST24,3.0,24,371,-54.0,19.9,0.8,-68.0,207,-29.0,19.8,0.81,-40.0,188,-16.0,20.7,0.88,-23.0
XAUUSDm,02-04,RETEST24,3.0,48,371,-42.0,22.1,0.85,-61.0,207,-18.0,22.7,0.89,-33.0,188,0.0,25.0,1.0,-19.0
XAUUSDm,02-04,RETEST48,2.0,24,310,1.0,32.9,1.0,-33.0,161,-3.0,31.7,0.97,-16.0,139,-8.0,30.2,0.91,-18.0
XAUUSDm,02-04,RETEST48,2.0,48,310,5.0,33.9,1.02,-30.0,161,1.0,33.5,1.01,-16.0,139,-4.0,32.4,0.96,-13.0
XAUUSDm,02-04,RETEST48,2.5,24,308,-6.5,26.9,0.97,-31.5,159,-7.5,25.8,0.93,-29.0,139,-20.5,22.3,0.79,-27.0
XAUUSDm,02-04,RETEST48,2.5,48,308,8.0,29.2,1.04,-31.0,159,-1.5,28.3,0.99,-29.5,139,-13.0,25.9,0.87,-22.0
XAUUSDm,02-04,RETEST48,3.0,24,305,-32.0,20.7,0.86,-48.0,158,-21.0,19.6,0.82,-30.0,138,-23.0,18.1,0.77,-28.0
XAUUSDm,02-04,RETEST48,3.0,48,305,-20.0,23.3,0.91,-40.0,158,-12.0,22.8,0.9,-27.0,138,-10.0,23.2,0.91,-24.0
XAUUSDm,02-04,VWAP,2.0,24,245,13.0,34.7,1.08,-25.0,153,15.0,35.9,1.16,-17.0,106,7.0,34.9,1.1,-12.0
XAUUSDm,02-04,VWAP,2.0,48,245,13.0,35.1,1.08,-25.0,153,18.0,37.3,1.19,-16.0,106,11.0,36.8,1.16,-12.0
XAUUSDm,02-04,VWAP,2.5,24,240,6.0,28.3,1.04,-28.0,148,11.0,29.7,1.11,-31.0,103,-3.0,25.2,0.96,-13.5
XAUUSDm,02-04,VWAP,2.5,48,240,15.5,30.4,1.09,-29.0,148,13.0,31.1,1.13,-31.5,103,2.0,29.1,1.03,-13.5
XAUUSDm,02-04,VWAP,3.0,24,235,-3.0,23.4,0.98,-40.0,145,4.0,24.1,1.04,-33.0,103,-9.0,19.4,0.87,-21.0
XAUUSDm,02-04,VWAP,3.0,48,235,9.0,26.0,1.05,-39.0,145,15.0,27.6,1.14,-31.0,103,-7.0,23.3,0.91,-21.0
XAUUSDm,02-04,RSI2,2.0,24,323,-65.0,26.3,0.72,-70.0,189,-6.0,31.2,0.95,-28.0,148,15.0,35.1,1.17,-10.0
XAUUSDm,02-04,RSI2,2.0,48,323,-62.0,26.9,0.74,-67.0,189,-6.0,32.3,0.95,-28.0,148,11.0,35.8,1.12,-9.0
XAUUSDm,02-04,RSI2,2.5,24,322,-64.5,22.0,0.73,-69.5,186,-33.0,21.5,0.75,-41.5,147,9.0,28.6,1.09,-14.0
XAUUSDm,02-04,RSI2,2.5,48,322,-59.5,23.3,0.76,-68.5,186,-28.5,24.2,0.8,-41.0,147,7.0,29.9,1.07,-17.0
XAUUSDm,02-04,RSI2,3.0,24,321,-54.0,19.6,0.78,-68.0,184,-44.0,16.8,0.68,-51.0,147,2.0,22.4,1.02,-19.0
XAUUSDm,02-04,RSI2,3.0,48,321,-37.0,22.1,0.85,-57.0,184,-39.0,19.6,0.73,-54.0,147,5.0,25.9,1.05,-21.0
XAUUSDm,04-06,BREAK24,2.0,24,399,33.0,36.1,1.13,-27.0,231,15.0,35.5,1.1,-27.0,213,-9.0,31.9,0.94,-18.0
XAUUSDm,04-06,BREAK24,2.0,48,399,33.0,36.1,1.13,-27.0,231,15.0,35.5,1.1,-27.0,213,-9.0,31.9,0.94,-18.0
XAUUSDm,04-06,BREAK24,2.5,24,380,50.5,32.4,1.2,-24.0,218,3.5,28.9,1.02,-33.5,200,13.5,30.5,1.1,-23.0
XAUUSDm,04-06,BREAK24,2.5,48,380,50.5,32.4,1.2,-24.0,218,2.5,28.9,1.02,-33.5,200,13.5,30.5,1.1,-23.0
XAUUSDm,04-06,BREAK24,3.0,24,363,62.0,29.2,1.24,-25.0,208,17.0,26.9,1.11,-28.0,193,23.0,28.0,1.17,-34.0
XAUUSDm,04-06,BREAK24,3.0,48,363,61.0,29.2,1.24,-25.0,208,16.0,26.9,1.11,-28.0,193,23.0,28.0,1.17,-34.0
XAUUSDm,04-06,BREAK48,2.0,24,233,25.0,36.9,1.17,-14.0,150,21.0,38.0,1.23,-10.0,114,21.0,39.5,1.3,-8.0
XAUUSDm,04-06,BREAK48,2.0,48,233,25.0,36.9,1.17,-14.0,150,21.0,38.0,1.23,-10.0,114,21.0,39.5,1.3,-8.0
XAUUSDm,04-06,BREAK48,2.5,24,222,40.5,33.8,1.28,-14.5,139,13.5,30.9,1.14,-18.0,107,40.0,39.3,1.62,-8.5
XAUUSDm,04-06,BREAK48,2.5,48,222,40.5,33.8,1.28,-14.5,139,11.5,30.9,1.12,-19.0,107,40.0,39.3,1.62,-8.5
XAUUSDm,04-06,BREAK48,3.0,24,208,57.0,31.7,1.4,-19.0,132,30.0,30.3,1.33,-11.0,101,47.0,36.6,1.73,-12.0
XAUUSDm,04-06,BREAK48,3.0,48,208,56.0,31.7,1.39,-19.0,132,28.0,30.3,1.3,-12.0,101,47.0,36.6,1.73,-12.0
XAUUSDm,04-06,MOMEMA,2.0,24,771,90.0,37.2,1.19,-23.0,461,49.0,36.9,1.17,-23.0,417,51.0,37.4,1.2,-16.0
XAUUSDm,04-06,MOMEMA,2.0,48,771,90.0,37.2,1.19,-23.0,461,49.0,36.9,1.17,-23.0,417,51.0,37.4,1.2,-16.0
XAUUSDm,04-06,MOMEMA,2.5,24,716,97.0,32.4,1.2,-42.5,429,-18.5,27.3,0.94,-53.0,385,66.5,33.5,1.26,-15.5
XAUUSDm,04-06,MOMEMA,2.5,48,716,99.5,32.5,1.21,-42.5,429,-16.0,27.5,0.95,-53.0,385,66.5,33.5,1.26,-15.5
XAUUSDm,04-06,MOMEMA,3.0,24,676,118.0,29.3,1.25,-40.0,410,-13.0,24.1,0.96,-60.0,369,80.0,30.4,1.31,-15.0
XAUUSDm,04-06,MOMEMA,3.0,48,676,124.0,29.6,1.26,-38.0,410,-10.0,24.4,0.97,-60.0,369,83.0,30.6,1.32,-15.0
XAUUSDm,04-06,EMACROSS,2.0,24,84,27.0,44.0,1.57,-5.0,36,-3.0,30.6,0.88,-9.0,47,-14.0,23.4,0.61,-20.0
XAUUSDm,04-06,EMACROSS,2.0,48,84,27.0,44.0,1.57,-5.0,36,-3.0,30.6,0.88,-9.0,47,-14.0,23.4,0.61,-20.0
XAUUSDm,04-06,EMACROSS,2.5,24,84,31.5,39.3,1.62,-6.0,36,2.5,30.6,1.1,-7.0,47,-12.0,21.3,0.68,-20.0
XAUUSDm,04-06,EMACROSS,2.5,48,84,31.5,39.3,1.62,-6.0,36,2.5,30.6,1.1,-7.0,47,-12.0,21.3,0.68,-20.0
XAUUSDm,04-06,EMACROSS,3.0,24,84,33.0,34.5,1.61,-6.0,36,0.0,25.0,1.0,-10.0,47,-7.0,21.3,0.81,-18.0
XAUUSDm,04-06,EMACROSS,3.0,48,84,32.0,34.5,1.58,-6.0,36,0.0,25.0,1.0,-10.0,47,-7.0,21.3,0.81,-18.0
XAUUSDm,04-06,RETEST24,2.0,24,461,-100.0,26.0,0.71,-103.0,271,-13.0,31.7,0.93,-26.0,225,21.0,36.4,1.15,-14.0
XAUUSDm,04-06,RETEST24,2.0,48,461,-101.0,26.0,0.7,-104.0,271,-13.0,31.7,0.93,-26.0,225,21.0,36.4,1.15,-14.0
XAUUSDm,04-06,RETEST24,2.5,24,456,-80.5,23.5,0.77,-88.0,268,-23.0,26.1,0.88,-35.0,218,31.5,32.6,1.22,-14.5
XAUUSDm,04-06,RETEST24,2.5,48,456,-81.5,23.5,0.77,-89.0,268,-23.0,26.1,0.88,-35.0,218,30.5,32.6,1.21,-14.5
XAUUSDm,04-06,RETEST24,3.0,24,454,-80.0,20.5,0.78,-88.0,267,-30.0,22.1,0.86,-49.0,216,34.0,28.7,1.22,-15.0
XAUUSDm,04-06,RETEST24,3.0,48,454,-82.0,20.5,0.77,-90.0,267,-27.0,22.5,0.87,-46.0,216,36.0,29.2,1.24,-13.0
XAUUSDm,04-06,RETEST48,2.0,24,293,-55.0,27.0,0.74,-57.0,185,-14.0,30.8,0.89,-29.0,133,8.0,35.3,1.09,-10.0
XAUUSDm,04-06,RETEST48,2.0,48,293,-56.0,27.0,0.74,-58.0,185,-14.0,30.8,0.89,-29.0,133,8.0,35.3,1.09,-10.0
XAUUSDm,04-06,RETEST48,2.5,24,292,-42.5,24.3,0.81,-47.5,183,-25.5,24.6,0.82,-35.5,130,7.5,30.0,1.08,-11.0
XAUUSDm,04-06,RETEST48,2.5,48,292,-43.5,24.3,0.8,-48.5,183,-25.5,24.6,0.82,-35.5,130,6.5,30.0,1.07,-12.0
XAUUSDm,04-06,RETEST48,3.0,24,291,-49.0,20.6,0.79,-59.0,182,-29.0,20.9,0.8,-47.0,129,-7.0,23.3,0.93,-20.0
XAUUSDm,04-06,RETEST48,3.0,48,291,-51.0,20.6,0.78,-61.0,182,-26.0,21.4,0.82,-44.0,129,-5.0,24.0,0.95,-18.0
XAUUSDm,04-06,VWAP,2.0,24,184,20.0,37.0,1.17,-18.0,103,13.0,36.9,1.21,-8.0,128,10.0,35.9,1.12,-12.0
XAUUSDm,04-06,VWAP,2.0,48,184,20.0,37.0,1.17,-18.0,103,14.0,37.9,1.22,-8.0,128,10.0,35.9,1.12,-12.0
XAUUSDm,04-06,VWAP,2.5,24,179,29.5,33.0,1.25,-20.5,99,-12.0,24.2,0.83,-16.0,127,20.0,33.1,1.24,-9.5
XAUUSDm,04-06,VWAP,2.5,48,179,34.5,34.1,1.29,-20.5,99,-11.5,25.3,0.84,-16.0,127,20.0,33.1,1.24,-9.5
XAUUSDm,04-06,VWAP,3.0,24,177,41.0,30.5,1.34,-23.0,99,-8.0,22.2,0.89,-19.0,125,31.0,31.2,1.36,-9.0
XAUUSDm,04-06,VWAP,3.0,48,177,47.0,31.6,1.39,-18.0,99,-7.0,23.2,0.91,-19.0,125,31.0,31.2,1.36,-9.0
XAUUSDm,04-06,RSI2,2.0,24,418,-46.0,29.7,0.84,-55.0,236,-14.0,31.4,0.91,-35.0,224,13.0,35.3,1.09,-19.0
XAUUSDm,04-06,RSI2,2.0,48,418,-46.0,29.7,0.84,-55.0,236,-14.0,31.4,0.91,-35.0,224,13.0,35.3,1.09,-19.0
XAUUSDm,04-06,RSI2,2.5,24,410,-48.5,25.1,0.84,-55.0,233,-9.0,27.5,0.95,-28.5,218,2.5,28.9,1.02,-22.0
XAUUSDm,04-06,RSI2,2.5,48,410,-49.5,25.1,0.84,-56.0,233,-9.0,27.5,0.95,-28.5,218,2.5,28.9,1.02,-22.0
XAUUSDm,04-06,RSI2,3.0,24,406,-47.0,21.9,0.85,-59.0,230,-2.0,24.8,0.99,-23.0,215,9.0,26.0,1.06,-21.0
XAUUSDm,04-06,RSI2,3.0,48,406,-46.0,22.2,0.85,-58.0,230,-2.0,24.8,0.99,-23.0,215,9.0,26.0,1.06,-21.0
XAUUSDm,06-08,BREAK24,2.0,24,432,27.0,35.4,1.1,-25.0,249,-3.0,32.9,0.98,-55.0,187,15.0,35.8,1.13,-19.0
XAUUSDm,06-08,BREAK24,2.0,48,432,27.0,35.4,1.1,-25.0,249,-3.0,32.9,0.98,-55.0,187,14.0,35.8,1.12,-19.0
XAUUSDm,06-08,BREAK24,2.5,24,421,21.0,29.9,1.07,-29.5,240,-4.5,27.9,0.97,-43.5,178,30.5,33.1,1.26,-11.5
XAUUSDm,06-08,BREAK24,2.5,48,421,23.5,30.2,1.08,-29.5,240,-2.0,28.3,0.99,-43.5,178,32.0,33.7,1.27,-11.5
XAUUSDm,06-08,BREAK24,3.0,24,397,33.0,27.0,1.11,-44.0,229,13.0,26.2,1.08,-40.0,170,33.0,29.4,1.28,-13.0
XAUUSDm,06-08,BREAK24,3.0,48,397,35.0,27.2,1.12,-45.0,229,15.0,26.6,1.09,-40.0,170,38.0,30.6,1.32,-14.0
XAUUSDm,06-08,BREAK48,2.0,24,333,15.0,34.8,1.07,-22.0,173,-2.0,32.9,0.98,-35.0,140,10.0,35.7,1.11,-15.0
XAUUSDm,06-08,BREAK48,2.0,48,333,15.0,34.8,1.07,-22.0,173,-2.0,32.9,0.98,-35.0,140,10.0,35.7,1.11,-15.0
XAUUSDm,06-08,BREAK48,2.5,24,324,13.0,29.6,1.06,-25.0,165,-3.0,27.9,0.97,-25.0,133,18.5,32.3,1.21,-9.5
XAUUSDm,06-08,BREAK48,2.5,48,324,15.5,29.9,1.07,-23.5,165,-0.5,28.5,1.0,-25.0,133,21.0,33.1,1.24,-9.5
XAUUSDm,06-08,BREAK48,3.0,24,304,38.0,28.0,1.18,-23.0,158,23.0,28.5,1.21,-19.0,127,23.0,29.1,1.26,-11.0
XAUUSDm,06-08,BREAK48,3.0,48,304,40.0,28.3,1.18,-24.0,158,26.0,29.1,1.23,-19.0,127,29.0,30.7,1.33,-8.0
XAUUSDm,06-08,MOMEMA,2.0,24,879,46.0,35.0,1.08,-34.0,494,29.0,35.2,1.09,-21.0,408,1.0,33.3,1.0,-39.0
XAUUSDm,06-08,MOMEMA,2.0,48,879,48.0,35.2,1.08,-34.0,494,28.0,35.2,1.09,-21.0,408,0.0,33.3,1.0,-39.0
XAUUSDm,06-08,MOMEMA,2.5,24,826,53.0,30.3,1.09,-23.0,467,42.5,31.0,1.13,-22.0,385,18.0,29.6,1.07,-33.5
XAUUSDm,06-08,MOMEMA,2.5,48,826,59.5,30.6,1.1,-23.0,467,40.5,31.0,1.13,-22.0,385,17.5,29.9,1.06,-35.5
XAUUSDm,06-08,MOMEMA,3.0,24,786,6.0,24.9,1.01,-43.0,451,64.0,28.2,1.2,-26.0,374,6.0,24.9,1.02,-31.0
XAUUSDm,06-08,MOMEMA,3.0,48,786,12.0,25.3,1.02,-45.0,451,70.0,28.8,1.22,-23.0,374,7.0,25.4,1.03,-33.0
XAUUSDm,06-08,EMACROSS,2.0,24,119,-26.0,26.1,0.7,-32.0,70,5.0,35.7,1.11,-10.0,57,-12.0,26.3,0.71,-19.0
XAUUSDm,06-08,EMACROSS,2.0,48,119,-26.0,26.1,0.7,-32.0,70,5.0,35.7,1.11,-10.0,57,-12.0,26.3,0.71,-19.0
XAUUSDm,06-08,EMACROSS,2.5,24,119,-21.0,23.5,0.77,-30.5,70,14.0,34.3,1.3,-8.5,57,-8.0,24.6,0.81,-18.5
XAUUSDm,06-08,EMACROSS,2.5,48,119,-21.0,23.5,0.77,-30.5,70,14.0,34.3,1.3,-8.5,57,-8.0,24.6,0.81,-18.5
XAUUSDm,06-08,EMACROSS,3.0,24,119,-27.0,19.3,0.72,-36.0,70,20.0,31.4,1.43,-8.0,57,-8.0,21.1,0.82,-20.0
XAUUSDm,06-08,EMACROSS,3.0,48,119,-27.0,19.3,0.72,-36.0,70,18.0,31.4,1.38,-8.0,57,-8.0,21.1,0.82,-20.0
XAUUSDm,06-08,RETEST24,2.0,24,480,-23.0,31.7,0.93,-35.0,293,-23.0,30.7,0.89,-41.0,221,-35.0,28.1,0.78,-42.0
XAUUSDm,06-08,RETEST24,2.0,48,480,-24.0,31.7,0.93,-36.0,293,-23.0,30.7,0.89,-41.0,221,-35.0,28.1,0.78,-42.0
XAUUSDm,06-08,RETEST24,2.5,24,476,-7.5,27.9,0.98,-35.5,289,-5.5,28.0,0.97,-30.5,219,-38.5,23.3,0.77,-45.0
XAUUSDm,06-08,RETEST24,2.5,48,476,-7.0,28.2,0.98,-34.0,289,-5.5,28.0,0.97,-30.5,219,-37.0,23.7,0.78,-42.5
XAUUSDm,06-08,RETEST24,3.0,24,475,-5.0,24.4,0.99,-35.0,285,8.0,25.6,1.04,-25.0,216,-36.0,20.4,0.79,-45.0
XAUUSDm,06-08,RETEST24,3.0,48,475,-2.0,24.8,0.99,-36.0,285,8.0,25.6,1.04,-25.0,216,-40.0,20.4,0.77,-48.0
XAUUSDm,06-08,RETEST48,2.0,24,356,-11.0,32.3,0.95,-22.0,198,-27.0,28.8,0.81,-36.0,176,-17.0,30.1,0.86,-27.0
XAUUSDm,06-08,RETEST48,2.0,48,356,-11.0,32.3,0.95,-22.0,198,-27.0,28.8,0.81,-36.0,176,-17.0,30.1,0.86,-27.0
XAUUSDm,06-08,RETEST48,2.5,24,355,7.5,29.0,1.03,-20.5,196,-24.5,25.0,0.83,-35.5,174,-25.0,24.1,0.81,-35.5
XAUUSDm,06-08,RETEST48,2.5,48,355,9.0,29.3,1.04,-20.5,196,-24.5,25.0,0.83,-35.5,174,-23.5,24.7,0.82,-33.0
XAUUSDm,06-08,RETEST48,3.0,24,355,5.0,25.1,1.02,-20.0,196,-15.0,23.0,0.9,-33.0,171,-27.0,20.5,0.8,-39.0
XAUUSDm,06-08,RETEST48,3.0,48,355,6.0,25.4,1.02,-21.0,196,-15.0,23.0,0.9,-33.0,171,-31.0,20.5,0.77,-42.0
XAUUSDm,06-08,VWAP,2.0,24,233,37.0,38.6,1.26,-17.0,132,5.0,34.1,1.06,-16.0,114,10.0,36.0,1.14,-10.0
XAUUSDm,06-08,VWAP,2.0,48,233,37.0,38.6,1.26,-17.0,132,3.0,34.1,1.03,-16.0,114,9.0,36.0,1.12,-10.0
XAUUSDm,06-08,VWAP,2.5,24,228,52.0,35.1,1.35,-14.0,132,10.0,30.3,1.11,-18.0,113,10.5,31.0,1.14,-9.5
XAUUSDm,06-08,VWAP,2.5,48,228,52.0,35.1,1.35,-14.0,132,8.0,30.3,1.09,-18.0,113,9.5,31.0,1.12,-9.5
XAUUSDm,06-08,VWAP,3.0,24,219,35.0,28.8,1.23,-20.0,132,27.0,29.5,1.3,-15.0,112,8.0,25.9,1.1,-15.0
XAUUSDm,06-08,VWAP,3.0,48,219,38.0,29.2,1.25,-20.0,132,28.0,30.3,1.3,-15.0,112,8.0,26.8,1.1,-16.0
XAUUSDm,06-08,RSI2,2.0,24,460,-7.0,32.8,0.98,-44.0,246,-11.0,31.7,0.93,-58.0,198,-26.0,28.8,0.81,-33.0
XAUUSDm,06-08,RSI2,2.0,48,460,-7.0,32.8,0.98,-44.0,246,-9.0,32.1,0.95,-56.0,198,-24.0,29.3,0.83,-31.0
XAUUSDm,06-08,RSI2,2.5,24,452,11.0,29.2,1.03,-29.0,242,-16.0,26.4,0.91,-63.0,194,-31.0,23.7,0.79,-44.5
XAUUSDm,06-08,RSI2,2.5,48,452,10.0,29.2,1.03,-29.0,242,-14.5,26.9,0.92,-60.5,194,-28.5,24.2,0.8,-42.0
XAUUSDm,06-08,RSI2,3.0,24,441,18.0,25.9,1.06,-28.0,239,-29.0,21.8,0.84,-68.0,192,-36.0,19.8,0.76,-45.0
XAUUSDm,06-08,RSI2,3.0,48,441,19.0,26.1,1.06,-28.0,239,-31.0,21.8,0.83,-69.0,192,-27.0,21.4,0.82,-39.0
XAUUSDm,08-10,BREAK24,2.0,24,325,32.0,36.6,1.16,-21.0,194,-20.0,29.9,0.85,-29.0,169,-49.0,23.7,0.62,-54.0
XAUUSDm,08-10,BREAK24,2.0,48,325,32.0,36.6,1.16,-21.0,194,-20.0,29.9,0.85,-29.0,169,-49.0,23.7,0.62,-54.0
XAUUSDm,08-10,BREAK24,2.5,24,312,28.5,31.1,1.13,-21.0,191,-30.0,24.1,0.79,-32.0,166,-61.5,17.5,0.54,-64.0
XAUUSDm,08-10,BREAK24,2.5,48,312,31.0,31.4,1.14,-21.0,191,-30.0,24.1,0.79,-32.0,166,-64.5,17.5,0.53,-67.0
XAUUSDm,08-10,BREAK24,3.0,24,304,17.0,26.3,1.08,-30.0,185,-29.0,21.1,0.8,-33.0,161,-69.0,13.7,0.49,-74.0
XAUUSDm,08-10,BREAK24,3.0,48,304,20.0,26.6,1.09,-30.0,185,-29.0,21.1,0.8,-33.0,161,-69.0,14.3,0.5,-74.0
XAUUSDm,08-10,BREAK48,2.0,24,224,31.0,37.9,1.22,-13.0,143,-5.0,32.2,0.95,-19.0,98,-41.0,19.4,0.48,-45.0
XAUUSDm,08-10,BREAK48,2.0,48,224,31.0,37.9,1.22,-13.0,143,-5.0,32.2,0.95,-19.0,98,-41.0,19.4,0.48,-45.0
XAUUSDm,08-10,BREAK48,2.5,24,215,38.0,33.5,1.27,-15.5,141,-11.5,26.2,0.89,-24.0,96,-45.0,14.6,0.44,-45.0
XAUUSDm,08-10,BREAK48,2.5,48,215,40.5,34.0,1.29,-15.5,141,-11.5,26.2,0.89,-24.0,96,-47.0,14.6,0.43,-46.0
XAUUSDm,08-10,BREAK48,3.0,24,209,28.0,28.2,1.19,-16.0,135,-3.0,24.4,0.97,-19.0,95,-52.0,10.5,0.37,-51.0
XAUUSDm,08-10,BREAK48,3.0,48,209,31.0,28.7,1.21,-16.0,135,-3.0,24.4,0.97,-19.0,95,-51.0,11.6,0.39,-50.0
XAUUSDm,08-10,MOMEMA,2.0,24,763,47.0,35.3,1.1,-33.0,463,9.0,33.9,1.03,-18.0,389,-30.0,30.6,0.89,-49.0
XAUUSDm,08-10,MOMEMA,2.0,48,763,47.0,35.4,1.1,-32.0,463,8.0,33.9,1.03,-19.0,389,-26.0,31.1,0.9,-45.0
XAUUSDm,08-10,MOMEMA,2.5,24,704,58.5,30.5,1.12,-21.5,430,-14.5,27.2,0.95,-28.0,362,-30.5,25.7,0.88,-54.0
XAUUSDm,08-10,MOMEMA,2.5,48,704,66.0,31.2,1.14,-21.5,430,-19.5,27.2,0.94,-31.0,362,-29.5,26.2,0.89,-54.5
XAUUSDm,08-10,MOMEMA,3.0,24,678,1.0,24.3,1.0,-46.0,408,-11.0,23.8,0.96,-33.0,345,-48.0,20.9,0.82,-59.0
XAUUSDm,08-10,MOMEMA,3.0,48,678,14.0,25.5,1.03,-35.0,408,-11.0,24.3,0.96,-31.0,345,-37.0,22.3,0.86,-50.0
XAUUSDm,08-10,EMACROSS,2.0,24,105,-9.0,30.5,0.88,-17.0,49,-4.0,30.6,0.88,-15.0,62,-4.0,30.6,0.9,-16.0
XAUUSDm,08-10,EMACROSS,2.0,48,105,-9.0,30.5,0.88,-17.0,49,-4.0,30.6,0.88,-15.0,62,-2.0,32.3,0.95,-14.0
XAUUSDm,08-10,EMACROSS,2.5,24,105,-14.0,24.8,0.82,-25.0,49,0.0,28.6,1.0,-17.5,62,-8.5,24.2,0.82,-19.5
XAUUSDm,08-10,EMACROSS,2.5,48,105,-14.0,24.8,0.82,-25.0,49,0.0,28.6,1.0,-17.5,62,-9.5,24.2,0.8,-20.5
XAUUSDm,08-10,EMACROSS,3.0,24,105,-12.0,21.9,0.85,-25.0,49,4.0,26.5,1.11,-17.0,62,-21.0,16.1,0.59,-23.0
XAUUSDm,08-10,EMACROSS,3.0,48,105,-9.0,22.9,0.89,-23.0,49,7.0,28.6,1.2,-17.0,62,-22.0,16.1,0.58,-24.0
XAUUSDm,08-10,RETEST24,2.0,24,403,-31.0,30.8,0.89,-48.0,222,57.0,41.4,1.45,-9.0,228,-11.0,31.6,0.93,-23.0
XAUUSDm,08-10,RETEST24,2.0,48,403,-31.0,30.8,0.89,-48.0,222,57.0,41.9,1.44,-9.0,228,-12.0,31.6,0.92,-24.0
XAUUSDm,08-10,RETEST24,2.5,24,398,-44.5,24.9,0.85,-66.0,220,56.5,35.0,1.42,-13.5,226,-9.5,27.0,0.94,-26.5
XAUUSDm,08-10,RETEST24,2.5,48,398,-34.0,26.1,0.88,-57.5,220,60.0,36.4,1.43,-14.5,226,-5.5,27.9,0.97,-26.5
XAUUSDm,08-10,RETEST24,3.0,24,392,-36.0,21.9,0.88,-62.0,215,39.0,27.9,1.28,-18.0,223,-30.0,20.2,0.82,-35.0
XAUUSDm,08-10,RETEST24,3.0,48,392,-20.0,23.7,0.93,-50.0,215,52.0,30.7,1.36,-16.0,223,-19.0,22.9,0.89,-27.0
XAUUSDm,08-10,RETEST48,2.0,24,292,-34.0,29.5,0.83,-42.0,152,36.0,40.8,1.41,-10.0,152,-28.0,27.0,0.75,-30.0
XAUUSDm,08-10,RETEST48,2.0,48,292,-34.0,29.5,0.83,-42.0,152,34.0,40.8,1.38,-10.0,152,-29.0,27.0,0.74,-31.0
XAUUSDm,08-10,RETEST48,2.5,24,289,-49.5,23.2,0.77,-60.0,152,38.5,34.9,1.41,-11.0,152,-26.5,23.0,0.77,-29.5
XAUUSDm,08-10,RETEST48,2.5,48,289,-44.0,24.2,0.8,-53.5,152,37.0,35.5,1.38,-11.5,152,-22.5,24.3,0.8,-26.0
XAUUSDm,08-10,RETEST48,3.0,24,288,-40.0,20.8,0.82,-62.0,151,26.0,27.8,1.26,-20.0,152,-27.0,19.1,0.76,-31.0
XAUUSDm,08-10,RETEST48,3.0,48,288,-32.0,22.2,0.86,-55.0,151,33.0,30.5,1.31,-18.0,152,-16.0,22.4,0.86,-21.0
XAUUSDm,08-10,VWAP,2.0,24,159,38.0,40.9,1.41,-9.0,97,14.0,38.1,1.23,-8.0,84,-5.0,31.0,0.91,-15.0
XAUUSDm,08-10,VWAP,2.0,48,159,39.0,41.5,1.42,-9.0,97,14.0,38.1,1.23,-8.0,84,-3.0,32.1,0.95,-13.0
XAUUSDm,08-10,VWAP,2.5,24,156,39.5,35.3,1.4,-8.0,92,10.5,31.5,1.17,-9.5,84,-2.5,27.4,0.96,-15.5
XAUUSDm,08-10,VWAP,2.5,48,156,36.5,35.3,1.36,-8.0,92,9.5,31.5,1.15,-9.5,84,0.0,28.6,1.0,-13.0
XAUUSDm,08-10,VWAP,3.0,24,154,33.0,29.2,1.32,-10.0,90,8.0,26.7,1.12,-13.0,84,-3.0,23.8,0.95,-20.0
XAUUSDm,08-10,VWAP,3.0,48,154,34.0,30.5,1.32,-11.0,90,6.0,26.7,1.09,-13.0,84,0.0,25.0,1.0,-17.0
XAUUSDm,08-10,RSI2,2.0,24,343,-40.0,29.2,0.83,-69.0,202,2.0,33.7,1.01,-32.0,174,28.0,38.5,1.26,-10.0
XAUUSDm,08-10,RSI2,2.0,48,343,-40.0,29.4,0.83,-68.0,202,2.0,33.7,1.01,-32.0,174,30.0,39.1,1.28,-10.0
XAUUSDm,08-10,RSI2,2.5,24,339,-37.5,24.5,0.85,-68.0,199,4.0,29.1,1.03,-33.5,173,14.0,30.1,1.12,-16.5
XAUUSDm,08-10,RSI2,2.5,48,339,-27.5,26.3,0.89,-61.5,199,4.0,29.1,1.03,-33.5,173,16.0,31.2,1.13,-17.0
XAUUSDm,08-10,RSI2,3.0,24,336,-48.0,20.2,0.81,-68.0,198,1.0,24.2,1.01,-34.0,170,14.0,25.9,1.12,-32.0
XAUUSDm,08-10,RSI2,3.0,48,336,-35.0,22.3,0.87,-59.0,198,11.0,26.3,1.08,-31.0,170,22.0,28.2,1.18,-25.0
XAUUSDm,10-12,BREAK24,2.0,24,356,20.0,35.1,1.09,-37.0,155,-17.0,29.7,0.84,-29.0,188,8.0,34.6,1.07,-24.0
XAUUSDm,10-12,BREAK24,2.0,48,356,22.0,35.4,1.1,-35.0,155,-17.0,29.7,0.84,-29.0,188,10.0,35.1,1.08,-24.0
XAUUSDm,10-12,BREAK24,2.5,24,341,8.5,29.0,1.04,-47.0,149,-16.0,25.5,0.86,-31.5,180,17.0,31.1,1.14,-23.0
XAUUSDm,10-12,BREAK24,2.5,48,341,16.0,29.9,1.07,-42.0,149,-16.0,25.5,0.86,-31.5,180,16.0,31.1,1.13,-23.0
XAUUSDm,10-12,BREAK24,3.0,24,337,10.0,25.5,1.04,-52.0,144,-12.0,22.9,0.89,-35.0,178,3.0,25.3,1.02,-24.0
XAUUSDm,10-12,BREAK24,3.0,48,337,19.0,26.4,1.08,-46.0,144,-12.0,22.9,0.89,-35.0,178,2.0,25.3,1.02,-24.0
XAUUSDm,10-12,BREAK48,2.0,24,231,-11.0,31.6,0.93,-42.0,85,-16.0,27.1,0.74,-25.0,125,8.0,35.2,1.1,-15.0
XAUUSDm,10-12,BREAK48,2.0,48,231,-9.0,32.0,0.94,-40.0,85,-16.0,27.1,0.74,-25.0,125,10.0,36.0,1.12,-15.0
XAUUSDm,10-12,BREAK48,2.5,24,222,-12.5,26.6,0.92,-51.5,83,-13.0,24.1,0.79,-24.0,121,9.5,30.6,1.11,-11.5
XAUUSDm,10-12,BREAK48,2.5,48,222,-5.0,27.9,0.97,-46.5,83,-13.0,24.1,0.79,-24.0,121,8.5,30.6,1.1,-11.5
XAUUSDm,10-12,BREAK48,3.0,24,219,-20.0,22.4,0.88,-57.0,80,-12.0,21.2,0.81,-27.0,121,-4.0,24.0,0.96,-20.0
XAUUSDm,10-12,BREAK48,3.0,48,219,-11.0,23.7,0.93,-51.0,80,-12.0,21.2,0.81,-27.0,121,-5.0,24.0,0.95,-20.0
XAUUSDm,10-12,MOMEMA,2.0,24,796,39.0,34.9,1.08,-29.0,443,-29.0,31.2,0.9,-49.0,425,-19.0,31.8,0.93,-33.0
XAUUSDm,10-12,MOMEMA,2.0,48,796,41.0,35.1,1.08,-29.0,443,-29.0,31.2,0.9,-49.0,425,-17.0,32.0,0.94,-33.0
XAUUSDm,10-12,MOMEMA,2.5,24,744,35.0,29.8,1.07,-37.0,417,-45.0,25.4,0.85,-66.5,401,-19.0,26.9,0.93,-36.5
XAUUSDm,10-12,MOMEMA,2.5,48,744,40.0,30.1,1.08,-37.0,417,-46.0,25.4,0.85,-66.5,401,-19.5,27.2,0.93,-37.0
XAUUSDm,10-12,MOMEMA,3.0,24,717,44.0,26.4,1.08,-30.0,393,-75.0,19.8,0.76,-88.0,384,-22.0,23.2,0.92,-42.0
XAUUSDm,10-12,MOMEMA,3.0,48,717,59.0,27.1,1.11,-28.0,393,-77.0,20.1,0.75,-91.0,384,-20.0,23.7,0.93,-40.0
XAUUSDm,10-12,EMACROSS,2.0,24,111,10.0,36.0,1.14,-10.0,51,-15.0,23.5,0.62,-16.0,71,-11.0,28.2,0.78,-19.0
XAUUSDm,10-12,EMACROSS,2.0,48,111,12.0,36.9,1.17,-10.0,51,-15.0,23.5,0.62,-16.0,71,-11.0,28.2,0.78,-19.0
XAUUSDm,10-12,EMACROSS,2.5,24,111,16.0,32.4,1.22,-10.0,51,-12.5,21.6,0.69,-17.5,71,-15.0,22.5,0.73,-21.5
XAUUSDm,10-12,EMACROSS,2.5,48,111,15.0,32.4,1.2,-10.0,51,-12.5,21.6,0.69,-17.5,71,-15.0,22.5,0.73,-21.5
XAUUSDm,10-12,EMACROSS,3.0,24,111,10.0,27.0,1.12,-10.0,51,-11.0,19.6,0.73,-16.0,71,-26.0,15.5,0.56,-33.0
XAUUSDm,10-12,EMACROSS,3.0,48,111,9.0,27.0,1.11,-10.0,51,-11.0,19.6,0.73,-16.0,71,-23.0,16.9,0.61,-30.0
XAUUSDm,10-12,RETEST24,2.0,24,429,-14.0,32.2,0.95,-34.0,207,45.0,40.6,1.37,-13.0,232,38.0,38.8,1.27,-14.0
XAUUSDm,10-12,RETEST24,2.0,48,429,-15.0,32.2,0.95,-35.0,207,45.0,40.6,1.37,-13.0,232,38.0,38.8,1.27,-14.0
XAUUSDm,10-12,RETEST24,2.5,24,426,-8.5,27.9,0.97,-34.5,205,64.5,37.6,1.5,-11.5,227,28.5,32.2,1.19,-20.5
XAUUSDm,10-12,RETEST24,2.5,48,426,-9.5,27.9,0.97,-35.5,205,64.5,37.6,1.5,-11.5,227,28.5,32.2,1.19,-20.5
XAUUSDm,10-12,RETEST24,3.0,24,421,2.0,24.9,1.01,-22.0,198,79.0,34.8,1.62,-11.0,225,31.0,28.4,1.19,-26.0
XAUUSDm,10-12,RETEST24,3.0,48,421,7.0,25.4,1.02,-20.0,198,82.0,35.4,1.64,-11.0,225,31.0,28.4,1.19,-26.0
XAUUSDm,10-12,RETEST48,2.0,24,296,19.0,35.5,1.1,-19.0,123,45.0,45.5,1.67,-11.0,147,36.0,41.5,1.42,-15.0
XAUUSDm,10-12,RETEST48,2.0,48,296,19.0,35.5,1.1,-19.0,123,45.0,45.5,1.67,-11.0,147,36.0,41.5,1.42,-15.0
XAUUSDm,10-12,RETEST48,2.5,24,293,29.0,31.4,1.14,-18.0,123,62.5,43.1,1.89,-11.0,146,40.5,36.3,1.44,-15.0
XAUUSDm,10-12,RETEST48,2.5,48,293,29.0,31.4,1.14,-18.0,123,62.5,43.1,1.89,-11.0,146,39.5,36.3,1.42,-15.0
XAUUSDm,10-12,RETEST48,3.0,24,293,29.0,27.3,1.14,-27.0,122,63.0,37.7,1.84,-12.0,145,48.0,33.1,1.5,-18.0
XAUUSDm,10-12,RETEST48,3.0,48,293,35.0,28.0,1.17,-27.0,122,66.0,38.5,1.88,-12.0,145,47.0,33.1,1.48,-18.0
XAUUSDm,10-12,VWAP,2.0,24,156,15.0,36.5,1.15,-10.0,84,15.0,39.3,1.29,-4.0,102,6.0,35.3,1.09,-14.0
XAUUSDm,10-12,VWAP,2.0,48,156,15.0,36.5,1.15,-10.0,84,15.0,39.3,1.29,-4.0,102,6.0,35.3,1.09,-14.0
XAUUSDm,10-12,VWAP,2.5,24,151,7.5,29.8,1.07,-12.5,81,10.0,32.1,1.18,-10.0,100,-4.5,27.0,0.94,-15.5
XAUUSDm,10-12,VWAP,2.5,48,151,6.5,29.8,1.06,-13.0,81,10.0,32.1,1.18,-10.0,100,-5.5,27.0,0.92,-15.5
XAUUSDm,10-12,VWAP,3.0,24,151,11.0,26.5,1.1,-12.0,78,-9.0,21.8,0.85,-9.0,100,9.0,27.0,1.12,-12.0
XAUUSDm,10-12,VWAP,3.0,48,151,13.0,27.2,1.12,-13.0,78,-10.0,21.8,0.84,-10.0,100,8.0,27.0,1.11,-12.0
XAUUSDm,10-12,RSI2,2.0,24,372,-9.0,32.5,0.96,-40.0,159,9.0,35.2,1.09,-22.0,193,-7.0,32.1,0.95,-23.0
XAUUSDm,10-12,RSI2,2.0,48,372,-9.0,32.5,0.96,-40.0,159,9.0,35.2,1.09,-22.0,193,-7.0,32.1,0.95,-23.0
XAUUSDm,10-12,RSI2,2.5,24,369,-14.5,27.4,0.95,-39.0,159,30.0,34.0,1.29,-16.0,188,-2.5,28.2,0.98,-25.5
XAUUSDm,10-12,RSI2,2.5,48,369,-15.5,27.4,0.94,-39.0,159,30.0,34.0,1.29,-16.0,188,-2.5,28.2,0.98,-25.5
XAUUSDm,10-12,RSI2,3.0,24,364,-15.0,23.9,0.95,-41.0,158,38.0,31.0,1.35,-25.0,186,-5.0,24.2,0.96,-26.0
XAUUSDm,10-12,RSI2,3.0,48,364,-16.0,23.9,0.94,-41.0,158,38.0,31.0,1.35,-25.0,186,-6.0,24.2,0.96,-27.0
XAUUSDm,12-14,BREAK24,2.0,24,539,-59.0,29.7,0.84,-76.0,315,27.0,36.2,1.13,-15.0,253,-22.0,30.4,0.88,-26.0
XAUUSDm,12-14,BREAK24,2.0,48,539,-59.0,29.7,0.84,-76.0,315,27.0,36.2,1.13,-15.0,253,-22.0,30.4,0.88,-26.0
XAUUSDm,12-14,BREAK24,2.5,24,518,-59.5,25.3,0.85,-75.0,304,50.5,33.2,1.25,-13.5,244,-6.0,27.9,0.97,-20.0
XAUUSDm,12-14,BREAK24,2.5,48,518,-59.5,25.3,0.85,-75.0,304,53.0,33.6,1.26,-13.5,244,-6.0,27.9,0.97,-20.0
XAUUSDm,12-14,BREAK24,3.0,24,504,-71.0,21.4,0.82,-77.0,292,42.0,28.4,1.2,-20.0,238,-9.0,23.9,0.95,-31.0
XAUUSDm,12-14,BREAK24,3.0,48,504,-71.0,21.4,0.82,-77.0,292,48.0,29.1,1.23,-17.0,238,-6.0,24.4,0.97,-31.0
XAUUSDm,12-14,BREAK48,2.0,24,408,-45.0,29.7,0.84,-49.0,218,34.0,38.5,1.25,-13.0,194,-20.0,29.9,0.85,-20.0
XAUUSDm,12-14,BREAK48,2.0,48,408,-45.0,29.7,0.84,-49.0,218,34.0,38.5,1.25,-13.0,194,-20.0,29.9,0.85,-20.0
XAUUSDm,12-14,BREAK48,2.5,24,394,-44.0,25.4,0.85,-49.0,209,47.5,34.9,1.35,-11.0,190,-4.5,27.9,0.97,-16.0
XAUUSDm,12-14,BREAK48,2.5,48,394,-44.0,25.4,0.85,-49.0,209,50.0,35.4,1.37,-11.0,190,-4.5,27.9,0.97,-16.0
XAUUSDm,12-14,BREAK48,3.0,24,383,-43.0,22.2,0.86,-47.0,198,56.0,31.8,1.42,-16.0,187,-3.0,24.6,0.98,-18.0
XAUUSDm,12-14,BREAK48,3.0,48,383,-43.0,22.2,0.86,-47.0,198,62.0,32.8,1.47,-13.0,187,-3.0,24.6,0.98,-18.0
XAUUSDm,12-14,MOMEMA,2.0,24,989,-14.0,32.9,0.98,-54.0,554,64.0,37.2,1.18,-14.0,503,7.0,33.8,1.02,-20.0
XAUUSDm,12-14,MOMEMA,2.0,48,989,-14.0,32.9,0.98,-54.0,554,64.0,37.2,1.18,-14.0,503,7.0,33.8,1.02,-20.0
XAUUSDm,12-14,MOMEMA,2.5,24,936,-12.0,28.2,0.98,-57.5,533,87.5,33.2,1.25,-14.5,482,36.0,30.7,1.11,-17.0
XAUUSDm,12-14,MOMEMA,2.5,48,936,-12.0,28.2,0.98,-57.5,533,90.0,33.4,1.25,-14.5,482,36.0,30.7,1.11,-17.0
XAUUSDm,12-14,MOMEMA,3.0,24,895,9.0,25.3,1.01,-56.0,506,81.0,28.9,1.23,-15.0,465,2.0,24.9,1.01,-29.0
XAUUSDm,12-14,MOMEMA,3.0,48,895,9.0,25.3,1.01,-56.0,506,86.0,29.2,1.24,-15.0,465,4.0,25.2,1.01,-29.0
XAUUSDm,12-14,EMACROSS,2.0,24,159,15.0,36.5,1.15,-10.0,117,12.0,36.8,1.16,-10.0,79,-25.0,22.8,0.59,-25.0
XAUUSDm,12-14,EMACROSS,2.0,48,159,15.0,36.5,1.15,-10.0,117,12.0,36.8,1.16,-10.0,79,-25.0,22.8,0.59,-25.0
XAUUSDm,12-14,EMACROSS,2.5,24,159,30.0,34.0,1.29,-10.0,117,19.5,33.3,1.25,-8.5,79,-19.5,21.5,0.69,-25.0
XAUUSDm,12-14,EMACROSS,2.5,48,159,30.0,34.0,1.29,-10.0,117,19.5,33.3,1.25,-8.5,79,-19.5,21.5,0.69,-25.0
XAUUSDm,12-14,EMACROSS,3.0,24,159,29.0,29.6,1.26,-10.0,117,7.0,26.5,1.08,-20.0,79,-15.0,20.3,0.76,-26.0
XAUUSDm,12-14,EMACROSS,3.0,48,159,29.0,29.6,1.26,-10.0,117,7.0,26.5,1.08,-20.0,79,-15.0,20.3,0.76,-26.0
XAUUSDm,12-14,RETEST24,2.0,24,641,43.0,35.6,1.1,-29.0,337,11.0,34.4,1.05,-27.0,294,21.0,35.7,1.11,-30.0
XAUUSDm,12-14,RETEST24,2.0,48,641,43.0,35.6,1.1,-29.0,337,11.0,34.4,1.05,-27.0,294,21.0,35.7,1.11,-30.0
XAUUSDm,12-14,RETEST24,2.5,24,635,55.5,31.0,1.13,-24.5,334,7.5,29.0,1.03,-25.5,293,27.5,31.1,1.14,-35.5
XAUUSDm,12-14,RETEST24,2.5,48,635,58.0,31.2,1.13,-24.5,334,12.5,29.6,1.05,-23.5,293,29.0,31.4,1.14,-33.0
XAUUSDm,12-14,RETEST24,3.0,24,627,68.0,27.6,1.15,-25.0,327,11.0,25.7,1.05,-29.0,286,24.0,26.9,1.12,-45.0
XAUUSDm,12-14,RETEST24,3.0,48,627,77.0,28.1,1.17,-22.0,327,14.0,26.0,1.06,-29.0,286,26.0,27.3,1.12,-42.0
XAUUSDm,12-14,RETEST48,2.0,24,495,0.0,33.3,1.0,-43.0,261,9.0,34.5,1.05,-30.0,220,14.0,35.5,1.1,-18.0
XAUUSDm,12-14,RETEST48,2.0,48,495,0.0,33.3,1.0,-43.0,261,9.0,34.5,1.05,-30.0,220,14.0,35.5,1.1,-18.0
XAUUSDm,12-14,RETEST48,2.5,24,493,15.5,29.4,1.04,-32.5,260,1.0,28.5,1.01,-30.5,219,17.5,30.6,1.12,-20.0
XAUUSDm,12-14,RETEST48,2.5,48,493,18.0,29.6,1.05,-32.5,260,6.0,29.2,1.03,-30.5,219,19.0,31.1,1.13,-17.5
XAUUSDm,12-14,RETEST48,3.0,24,488,14.0,25.6,1.04,-49.0,258,0.0,24.8,1.0,-36.0,217,5.0,25.3,1.03,-26.0
XAUUSDm,12-14,RETEST48,3.0,48,488,20.0,26.0,1.06,-49.0,258,3.0,25.2,1.02,-36.0,217,7.0,25.8,1.04,-23.0
XAUUSDm,12-14,VWAP,2.0,24,247,-16.0,31.2,0.91,-31.0,162,0.0,33.3,1.0,-22.0,138,-6.0,31.9,0.94,-16.0
XAUUSDm,12-14,VWAP,2.0,48,247,-16.0,31.2,0.91,-31.0,162,0.0,33.3,1.0,-22.0,138,-6.0,31.9,0.94,-16.0
XAUUSDm,12-14,VWAP,2.5,24,240,-12.5,27.1,0.93,-28.5,159,5.5,29.6,1.05,-29.5,136,-3.0,27.9,0.97,-22.5
XAUUSDm,12-14,VWAP,2.5,48,240,-12.5,27.1,0.93,-28.5,159,5.5,29.6,1.05,-29.5,136,-3.0,27.9,0.97,-22.5
XAUUSDm,12-14,VWAP,3.0,24,239,-23.0,22.6,0.88,-37.0,151,-10.0,23.2,0.91,-43.0,135,-2.0,24.4,0.98,-21.0
XAUUSDm,12-14,VWAP,3.0,48,239,-23.0,22.6,0.88,-37.0,151,-11.0,23.2,0.91,-44.0,135,-2.0,24.4,0.98,-21.0
XAUUSDm,12-14,RSI2,2.0,24,551,1.0,33.4,1.0,-26.0,330,-21.0,31.2,0.91,-37.0,257,-20.0,30.7,0.89,-44.0
XAUUSDm,12-14,RSI2,2.0,48,551,1.0,33.4,1.0,-26.0,330,-21.0,31.2,0.91,-37.0,257,-20.0,30.7,0.89,-44.0
XAUUSDm,12-14,RSI2,2.5,24,536,-12.5,27.8,0.97,-36.0,327,-8.5,27.8,0.96,-43.0,249,-18.0,26.5,0.9,-42.5
XAUUSDm,12-14,RSI2,2.5,48,536,-13.5,27.8,0.97,-37.0,327,-8.5,27.8,0.96,-43.0,249,-18.0,26.5,0.9,-42.5
XAUUSDm,12-14,RSI2,3.0,24,528,2.0,25.0,1.01,-49.0,322,-5.0,24.5,0.98,-45.0,245,-44.0,20.4,0.77,-59.0
XAUUSDm,12-14,RSI2,3.0,48,528,1.0,25.0,1.0,-49.0,322,-2.0,24.8,0.99,-45.0,245,-45.0,20.4,0.77,-60.0
XAUUSDm,14-16,BREAK24,2.0,24,368,3.0,33.4,1.01,-30.0,255,-15.0,31.0,0.91,-33.0,156,19.0,37.2,1.2,-23.0
XAUUSDm,14-16,BREAK24,2.0,48,368,1.0,33.4,1.0,-31.0,255,-14.0,31.4,0.92,-32.0,156,18.0,37.2,1.18,-23.0
XAUUSDm,14-16,BREAK24,2.5,24,353,8.0,28.9,1.03,-30.5,245,-4.5,27.3,0.97,-25.0,150,12.5,30.0,1.12,-23.0
XAUUSDm,14-16,BREAK24,2.5,48,353,8.5,29.2,1.03,-31.5,245,-1.5,28.2,0.99,-23.5,150,12.0,30.7,1.12,-23.0
XAUUSDm,14-16,BREAK24,3.0,24,342,-8.0,23.4,0.97,-31.0,236,-31.0,20.3,0.82,-48.0,145,20.0,26.9,1.21,-21.0
XAUUSDm,14-16,BREAK24,3.0,48,342,4.0,24.9,1.02,-27.0,236,-23.0,22.0,0.87,-45.0,145,17.0,27.6,1.17,-22.0
XAUUSDm,14-16,BREAK48,2.0,24,302,-1.0,33.1,1.0,-26.0,221,-13.0,31.2,0.91,-28.0,121,12.0,36.4,1.16,-13.0
XAUUSDm,14-16,BREAK48,2.0,48,302,-2.0,33.1,0.99,-27.0,221,-14.0,31.2,0.91,-29.0,121,11.0,36.4,1.14,-13.0
XAUUSDm,14-16,BREAK48,2.5,24,289,10.5,29.4,1.05,-22.0,212,-5.0,27.4,0.97,-22.0,115,4.5,28.7,1.06,-16.0
XAUUSDm,14-16,BREAK48,2.5,48,289,8.5,29.4,1.04,-23.0,212,-2.0,28.3,0.99,-20.5,115,5.0,29.6,1.06,-14.5
XAUUSDm,14-16,BREAK48,3.0,24,282,-1.0,24.1,1.0,-25.0,205,-26.0,20.5,0.83,-40.0,112,11.0,25.9,1.14,-17.0
XAUUSDm,14-16,BREAK48,3.0,48,282,6.0,25.2,1.03,-26.0,205,-15.0,22.9,0.9,-37.0,112,9.0,26.8,1.11,-16.0
XAUUSDm,14-16,MOMEMA,2.0,24,771,62.0,35.4,1.13,-26.0,496,-17.0,31.9,0.95,-48.0,397,4.0,33.0,1.02,-16.0
XAUUSDm,14-16,MOMEMA,2.0,48,771,59.0,35.8,1.12,-27.0,496,-18.0,32.1,0.95,-48.0,397,2.0,33.5,1.01,-17.0
XAUUSDm,14-16,MOMEMA,2.5,24,719,35.5,28.8,1.07,-28.0,470,-31.0,26.0,0.91,-56.0,378,-6.5,26.7,0.97,-36.0
XAUUSDm,14-16,MOMEMA,2.5,48,719,41.5,29.9,1.08,-27.5,470,-28.5,26.6,0.92,-54.0,378,0.5,28.3,1.0,-36.0
XAUUSDm,14-16,MOMEMA,3.0,24,678,34.0,24.5,1.07,-27.0,450,-48.0,21.1,0.86,-70.0,358,6.0,23.5,1.02,-34.0
XAUUSDm,14-16,MOMEMA,3.0,48,678,51.0,26.3,1.11,-23.0,450,-35.0,22.7,0.9,-57.0,358,20.0,26.0,1.08,-32.0
XAUUSDm,14-16,EMACROSS,2.0,24,117,13.0,36.8,1.18,-14.0,64,8.0,37.5,1.2,-10.0,49,7.0,36.7,1.24,-5.0
XAUUSDm,14-16,EMACROSS,2.0,48,117,12.0,36.8,1.16,-14.0,64,8.0,37.5,1.2,-10.0,49,11.0,40.8,1.38,-5.0
XAUUSDm,14-16,EMACROSS,2.5,24,117,20.0,32.5,1.27,-14.0,64,-6.5,23.4,0.85,-16.0,49,5.5,30.6,1.17,-7.5
XAUUSDm,14-16,EMACROSS,2.5,48,117,19.5,33.3,1.25,-15.0,64,0.0,28.1,1.0,-12.0,49,10.5,34.7,1.33,-7.0
XAUUSDm,14-16,EMACROSS,3.0,24,117,19.0,27.4,1.25,-17.0,64,-6.0,20.3,0.87,-14.0,49,-3.0,22.4,0.92,-16.0
XAUUSDm,14-16,EMACROSS,3.0,48,117,21.0,29.1,1.26,-19.0,64,2.0,25.0,1.04,-10.0,49,0.0,24.5,1.0,-16.0
XAUUSDm,14-16,RETEST24,2.0,24,418,-37.0,30.1,0.87,-51.0,263,-10.0,31.6,0.94,-22.0,202,26.0,36.6,1.21,-11.0
XAUUSDm,14-16,RETEST24,2.0,48,418,-36.0,30.4,0.88,-49.0,263,-11.0,31.9,0.94,-23.0,202,38.0,39.6,1.31,-11.0
XAUUSDm,14-16,RETEST24,2.5,24,414,-39.0,25.1,0.87,-58.5,260,-18.0,25.4,0.9,-33.5,198,33.5,31.8,1.27,-18.0
XAUUSDm,14-16,RETEST24,2.5,48,414,-25.0,26.6,0.92,-51.0,260,-6.0,27.7,0.97,-26.5,198,45.5,34.8,1.36,-16.5
XAUUSDm,14-16,RETEST24,3.0,24,409,-50.0,20.3,0.83,-73.0,256,-31.0,20.3,0.83,-41.0,195,32.0,26.7,1.26,-22.0
XAUUSDm,14-16,RETEST24,3.0,48,409,-20.0,23.2,0.93,-54.0,256,-21.0,22.3,0.89,-40.0,195,57.0,31.8,1.44,-16.0
XAUUSDm,14-16,RETEST48,2.0,24,348,-33.0,29.9,0.86,-45.0,226,-10.0,31.4,0.93,-24.0,151,35.0,40.4,1.4,-7.0
XAUUSDm,14-16,RETEST48,2.0,48,348,-32.0,30.2,0.87,-43.0,226,-10.0,31.9,0.94,-25.0,151,41.0,42.4,1.47,-7.0
XAUUSDm,14-16,RETEST48,2.5,24,346,-35.0,24.9,0.86,-54.5,224,-25.0,24.1,0.84,-39.5,150,43.5,35.3,1.49,-7.5
XAUUSDm,14-16,RETEST48,2.5,48,346,-23.5,26.3,0.91,-50.0,224,-12.0,26.8,0.93,-31.5,150,51.5,38.0,1.57,-8.5
XAUUSDm,14-16,RETEST48,3.0,24,343,-38.0,20.7,0.85,-59.0,224,-37.0,19.2,0.78,-46.0,148,43.0,29.7,1.48,-11.0
XAUUSDm,14-16,RETEST48,3.0,48,343,-16.0,23.3,0.94,-49.0,224,-26.0,21.4,0.85,-43.0,148,60.0,34.5,1.65,-10.0
XAUUSDm,14-16,VWAP,2.0,24,159,1.0,32.7,1.01,-18.0,107,8.0,35.5,1.12,-17.0,70,20.0,42.9,1.5,-9.0
XAUUSDm,14-16,VWAP,2.0,48,159,0.0,32.7,1.0,-18.0,107,8.0,35.5,1.12,-17.0,70,20.0,42.9,1.5,-9.0
XAUUSDm,14-16,VWAP,2.5,24,155,0.0,27.1,1.0,-14.0,106,-3.0,26.4,0.96,-16.0,70,10.0,31.4,1.22,-9.5
XAUUSDm,14-16,VWAP,2.5,48,155,-4.0,27.1,0.96,-15.5,106,7.0,30.2,1.1,-16.0,70,11.5,32.9,1.25,-9.5
XAUUSDm,14-16,VWAP,3.0,24,154,-5.0,22.1,0.95,-23.0,105,-9.0,21.0,0.88,-18.0,70,14.0,28.6,1.3,-10.0
XAUUSDm,14-16,VWAP,3.0,48,154,-7.0,22.7,0.94,-28.0,105,-6.0,21.9,0.92,-18.0,70,19.0,31.4,1.4,-9.0
XAUUSDm,14-16,RSI2,2.0,24,382,-10.0,32.2,0.96,-35.0,256,-32.0,28.9,0.82,-39.0,163,-2.0,31.9,0.98,-20.0
XAUUSDm,14-16,RSI2,2.0,48,382,-10.0,32.5,0.96,-36.0,256,-31.0,29.3,0.83,-38.0,163,6.0,34.4,1.06,-14.0
XAUUSDm,14-16,RSI2,2.5,24,378,-17.0,26.5,0.94,-38.0,253,-24.5,24.9,0.87,-33.5,160,-12.0,25.0,0.89,-27.5
XAUUSDm,14-16,RSI2,2.5,48,378,-11.0,27.5,0.96,-33.5,253,-17.5,26.5,0.91,-28.5,160,-0.5,28.1,1.0,-16.5
XAUUSDm,14-16,RSI2,3.0,24,375,-37.0,21.1,0.86,-50.0,247,-50.0,18.2,0.73,-57.0,159,-11.0,21.4,0.9,-34.0
XAUUSDm,14-16,RSI2,3.0,48,375,-17.0,23.5,0.94,-40.0,247,-35.0,21.1,0.82,-42.0,159,3.0,25.2,1.03,-18.0
XAUUSDm,16-18,BREAK24,2.0,24,270,-78.0,23.0,0.61,-82.0,171,-44.0,24.6,0.66,-52.0,133,-17.0,27.8,0.81,-28.0
XAUUSDm,16-18,BREAK24,2.0,48,270,-79.0,23.3,0.61,-83.0,171,-42.0,25.1,0.67,-50.0,133,-15.0,29.3,0.84,-29.0
XAUUSDm,16-18,BREAK24,2.5,24,256,-85.5,17.6,0.57,-88.5,165,-33.5,22.4,0.73,-44.0,130,-16.5,23.8,0.82,-33.0
XAUUSDm,16-18,BREAK24,2.5,48,256,-79.0,19.5,0.61,-81.0,165,-32.0,23.0,0.75,-42.5,130,-13.5,25.4,0.86,-34.0
XAUUSDm,16-18,BREAK24,3.0,24,252,-101.0,13.1,0.5,-105.0,161,-40.0,18.0,0.69,-51.0,128,-29.0,17.2,0.69,-35.0
XAUUSDm,16-18,BREAK24,3.0,48,252,-84.0,16.3,0.59,-87.0,161,-35.0,19.3,0.73,-49.0,128,-14.0,21.9,0.86,-28.0
XAUUSDm,16-18,BREAK48,2.0,24,153,-56.0,20.3,0.53,-55.0,98,-10.0,29.6,0.85,-23.0,68,-17.0,23.5,0.65,-23.0
XAUUSDm,16-18,BREAK48,2.0,48,153,-56.0,20.9,0.53,-55.0,98,-8.0,30.6,0.88,-21.0,68,-16.0,25.0,0.68,-24.0
XAUUSDm,16-18,BREAK48,2.5,24,147,-64.5,14.3,0.45,-64.0,94,-4.5,26.6,0.93,-20.5,65,-13.0,21.5,0.73,-20.0
XAUUSDm,16-18,BREAK48,2.5,48,147,-55.0,17.7,0.54,-54.5,94,-3.0,27.7,0.96,-19.0,65,-11.5,23.1,0.77,-21.0
XAUUSDm,16-18,BREAK48,3.0,24,143,-73.0,10.5,0.38,-72.0,91,-11.0,20.9,0.84,-25.0,65,-19.0,15.4,0.61,-21.0
XAUUSDm,16-18,BREAK48,3.0,48,143,-69.0,12.6,0.44,-68.0,91,-9.0,22.0,0.87,-26.0,65,-15.0,18.5,0.71,-20.0
XAUUSDm,16-18,MOMEMA,2.0,24,637,-34.0,30.0,0.92,-65.0,361,-28.0,29.4,0.88,-53.0,316,6.0,32.9,1.03,-37.0
XAUUSDm,16-18,MOMEMA,2.0,48,637,-25.0,31.6,0.94,-62.0,361,-20.0,31.3,0.92,-48.0,316,6.0,33.9,1.03,-38.0
XAUUSDm,16-18,MOMEMA,2.5,24,596,-30.0,24.5,0.92,-76.0,337,-39.5,22.8,0.83,-64.5,307,-0.5,27.0,1.0,-51.0
XAUUSDm,16-18,MOMEMA,2.5,48,596,-7.0,27.5,0.98,-64.5,337,-33.0,24.9,0.86,-60.0,307,10.0,29.3,1.05,-47.0
XAUUSDm,16-18,MOMEMA,3.0,24,574,-100.0,17.6,0.75,-116.0,320,-55.0,18.1,0.76,-71.0,301,-1.0,22.9,1.0,-48.0
XAUUSDm,16-18,MOMEMA,3.0,48,574,-54.0,21.8,0.87,-97.0,320,-41.0,20.9,0.83,-64.0,301,24.0,26.6,1.11,-40.0
XAUUSDm,16-18,EMACROSS,2.0,24,90,-6.0,30.0,0.9,-15.0,35,-5.0,25.7,0.78,-11.0,44,7.0,38.6,1.26,-5.0
XAUUSDm,16-18,EMACROSS,2.0,48,90,-9.0,30.0,0.86,-16.0,35,1.0,34.3,1.04,-8.0,44,7.0,38.6,1.26,-5.0
XAUUSDm,16-18,EMACROSS,2.5,24,90,-21.0,20.0,0.68,-28.5,35,-10.0,17.1,0.6,-12.5,44,2.0,27.3,1.07,-6.0
XAUUSDm,16-18,EMACROSS,2.5,48,90,-22.5,21.1,0.68,-30.0,35,-9.5,20.0,0.65,-12.0,44,2.5,29.5,1.08,-6.0
XAUUSDm,16-18,EMACROSS,3.0,24,90,-24.0,15.6,0.64,-34.0,35,-10.0,14.3,0.6,-10.0,44,1.0,22.7,1.03,-6.0
XAUUSDm,16-18,EMACROSS,3.0,48,90,-24.0,17.8,0.67,-34.0,35,-6.0,20.0,0.78,-11.0,44,1.0,25.0,1.03,-6.0
XAUUSDm,16-18,RETEST24,2.0,24,311,15.0,33.4,1.08,-31.0,201,26.0,36.3,1.22,-17.0,182,13.0,35.2,1.11,-16.0
XAUUSDm,16-18,RETEST24,2.0,48,311,21.0,35.4,1.11,-30.0,201,32.0,38.3,1.26,-13.0,182,19.0,36.8,1.17,-14.0
XAUUSDm,16-18,RETEST24,2.5,24,306,-1.5,25.8,0.99,-31.5,198,20.0,29.3,1.16,-16.5,182,0.5,26.9,1.0,-16.0
XAUUSDm,16-18,RETEST24,2.5,48,306,19.5,29.7,1.09,-26.5,198,37.0,33.3,1.29,-12.0,182,13.5,30.2,1.11,-12.0
XAUUSDm,16-18,RETEST24,3.0,24,305,-30.0,19.0,0.85,-42.0,197,-11.0,19.3,0.91,-24.0,178,-10.0,21.3,0.92,-29.0
XAUUSDm,16-18,RETEST24,3.0,48,305,-1.0,23.6,1.0,-25.0,197,30.0,27.4,1.23,-15.0,178,1.0,24.2,1.01,-23.0
XAUUSDm,16-18,RETEST48,2.0,24,168,17.0,35.1,1.17,-23.0,124,15.0,36.3,1.2,-17.0,100,13.0,37.0,1.21,-8.0
XAUUSDm,16-18,RETEST48,2.0,48,168,21.0,37.5,1.2,-23.0,124,18.0,37.9,1.24,-16.0,100,17.0,39.0,1.28,-8.0
XAUUSDm,16-18,RETEST48,2.5,24,168,11.5,28.0,1.11,-23.0,122,11.0,29.5,1.14,-17.5,100,13.5,31.0,1.21,-13.0
XAUUSDm,16-18,RETEST48,2.5,48,168,20.5,31.5,1.18,-22.0,122,14.0,31.1,1.17,-16.0,100,15.0,32.0,1.23,-11.5
XAUUSDm,16-18,RETEST48,3.0,24,168,-5.0,20.8,0.95,-30.0,122,-8.0,19.7,0.9,-19.0,98,3.0,23.5,1.05,-13.0
XAUUSDm,16-18,RETEST48,3.0,48,168,15.0,26.2,1.13,-20.0,122,7.0,24.6,1.08,-17.0,98,3.0,24.5,1.04,-12.0
XAUUSDm,16-18,VWAP,2.0,24,89,-5.0,29.2,0.91,-14.0,57,-21.0,19.3,0.51,-21.0,53,9.0,37.7,1.29,-6.0
XAUUSDm,16-18,VWAP,2.0,48,89,-3.0,31.5,0.95,-14.0,57,-21.0,21.1,0.53,-21.0,53,10.0,39.6,1.31,-6.0
XAUUSDm,16-18,VWAP,2.5,24,87,-7.5,24.1,0.88,-15.0,57,-25.0,14.0,0.44,-25.0,52,7.0,30.8,1.21,-7.0
XAUUSDm,16-18,VWAP,2.5,48,87,-7.0,25.3,0.89,-13.5,57,-25.5,15.8,0.47,-25.5,52,7.5,32.7,1.21,-7.5
XAUUSDm,16-18,VWAP,3.0,24,87,-12.0,18.4,0.8,-19.0,57,-27.0,10.5,0.4,-28.0,51,-2.0,21.6,0.94,-10.0
XAUUSDm,16-18,VWAP,3.0,48,87,-11.0,20.7,0.83,-17.0,57,-25.0,14.0,0.49,-27.0,51,-3.0,23.5,0.92,-12.0
XAUUSDm,16-18,RSI2,2.0,24,277,5.0,32.5,1.03,-31.0,179,46.0,41.3,1.45,-7.0,136,5.0,33.8,1.06,-13.0
XAUUSDm,16-18,RSI2,2.0,48,277,11.0,34.3,1.06,-30.0,179,52.0,43.0,1.51,-7.0,136,5.0,34.6,1.06,-12.0
XAUUSDm,16-18,RSI2,2.5,24,275,-12.5,24.4,0.93,-39.0,179,47.0,34.6,1.44,-8.0,136,-4.5,25.7,0.95,-25.0
XAUUSDm,16-18,RSI2,2.5,48,275,10.5,28.7,1.06,-37.5,179,58.5,37.4,1.54,-8.0,136,-3.0,27.9,0.97,-21.5
XAUUSDm,16-18,RSI2,3.0,24,271,-21.0,19.9,0.89,-34.0,177,23.0,25.4,1.21,-11.0,135,-9.0,20.7,0.9,-32.0
XAUUSDm,16-18,RSI2,3.0,48,271,10.0,24.7,1.05,-31.0,177,48.0,31.1,1.41,-11.0,135,-9.0,23.0,0.91,-32.0
XAUUSDm,18-20,BREAK24,2.0,24,299,-15.0,31.1,0.93,-40.0,187,-9.0,31.6,0.93,-25.0,169,27.0,38.5,1.26,-10.0
XAUUSDm,18-20,BREAK24,2.0,48,299,-13.0,31.8,0.94,-40.0,187,-10.0,31.6,0.92,-25.0,169,29.0,39.1,1.28,-10.0
XAUUSDm,18-20,BREAK24,2.5,24,291,-23.0,24.7,0.89,-54.5,178,-7.0,27.0,0.94,-24.5,158,28.0,32.9,1.27,-16.5
XAUUSDm,18-20,BREAK24,2.5,48,291,-15.0,26.8,0.93,-47.0,178,-10.0,27.0,0.92,-24.5,158,31.0,34.2,1.3,-16.5
XAUUSDm,18-20,BREAK24,3.0,24,279,-40.0,19.4,0.8,-66.0,176,-14.0,22.2,0.89,-29.0,155,24.0,27.7,1.23,-21.0
XAUUSDm,18-20,BREAK24,3.0,48,279,-16.0,23.3,0.92,-51.0,176,-4.0,24.4,0.97,-25.0,155,34.0,30.3,1.32,-18.0
XAUUSDm,18-20,BREAK48,2.0,24,154,-11.0,29.9,0.89,-22.0,93,30.0,44.1,1.58,-6.0,98,4.0,34.7,1.06,-18.0
XAUUSDm,18-20,BREAK48,2.0,48,154,-4.0,32.5,0.96,-19.0,93,30.0,44.1,1.58,-6.0,98,4.0,34.7,1.06,-18.0
XAUUSDm,18-20,BREAK48,2.5,24,150,-8.0,25.3,0.92,-23.5,88,21.5,35.2,1.38,-9.5,93,12.0,32.3,1.19,-19.5
XAUUSDm,18-20,BREAK48,2.5,48,150,1.5,28.7,1.01,-20.5,88,20.5,35.2,1.36,-9.5,93,12.0,32.3,1.19,-19.5
XAUUSDm,18-20,BREAK48,3.0,24,144,-19.0,19.4,0.82,-30.0,87,20.0,29.9,1.34,-12.0,92,2.0,25.0,1.03,-21.0
XAUUSDm,18-20,BREAK48,3.0,48,144,1.0,25.0,1.01,-23.0,87,25.0,32.2,1.42,-9.0,92,4.0,26.1,1.06,-21.0
XAUUSDm,18-20,MOMEMA,2.0,24,682,-46.0,29.8,0.9,-87.0,425,-25.0,30.8,0.91,-39.0,382,13.0,34.0,1.05,-28.0
XAUUSDm,18-20,MOMEMA,2.0,48,682,-37.0,31.4,0.92,-78.0,425,-26.0,31.3,0.91,-40.0,382,12.0,34.3,1.05,-28.0
XAUUSDm,18-20,MOMEMA,2.5,24,644,-83.5,22.8,0.81,-125.5,400,-22.5,26.2,0.92,-28.0,349,12.5,28.9,1.05,-32.0
XAUUSDm,18-20,MOMEMA,2.5,48,644,-59.0,25.5,0.87,-105.0,400,-24.5,26.8,0.92,-30.5,349,12.5,29.5,1.05,-33.0
XAUUSDm,18-20,MOMEMA,3.0,24,617,-77.0,19.6,0.82,-128.0,382,-53.0,20.2,0.81,-55.0,334,16.0,25.1,1.07,-28.0
XAUUSDm,18-20,MOMEMA,3.0,48,617,-43.0,22.7,0.91,-111.0,382,-32.0,22.8,0.89,-34.0,334,23.0,26.6,1.09,-24.0
XAUUSDm,18-20,EMACROSS,2.0,24,77,2.0,33.8,1.04,-16.0,40,-10.0,25.0,0.67,-13.0,42,1.0,33.3,1.04,-11.0
XAUUSDm,18-20,EMACROSS,2.0,48,77,4.0,35.1,1.08,-14.0,40,-10.0,25.0,0.67,-13.0,42,0.0,33.3,1.0,-11.0
XAUUSDm,18-20,EMACROSS,2.5,24,77,-4.0,26.0,0.93,-22.5,40,-8.5,22.5,0.73,-13.5,42,4.5,31.0,1.16,-13.5
XAUUSDm,18-20,EMACROSS,2.5,48,77,-3.5,27.3,0.94,-21.0,40,-8.5,22.5,0.73,-13.5,42,3.5,31.0,1.12,-13.5
XAUUSDm,18-20,EMACROSS,3.0,24,77,2.0,24.7,1.04,-24.0,40,-11.0,17.5,0.66,-15.0,42,5.0,26.2,1.18,-16.0
XAUUSDm,18-20,EMACROSS,3.0,48,77,3.0,26.0,1.05,-23.0,40,-12.0,17.5,0.64,-15.0,42,2.0,26.2,1.06,-17.0
XAUUSDm,18-20,RETEST24,2.0,24,355,-7.0,31.5,0.97,-37.0,209,27.0,36.8,1.21,-16.0,185,-15.0,30.3,0.88,-32.0
XAUUSDm,18-20,RETEST24,2.0,48,355,-7.0,32.4,0.97,-35.0,209,29.0,37.8,1.22,-16.0,185,-14.0,30.8,0.89,-33.0
XAUUSDm,18-20,RETEST24,2.5,24,343,-71.5,20.7,0.71,-74.0,205,24.5,30.7,1.18,-14.5,178,-23.5,24.2,0.82,-46.0
XAUUSDm,18-20,RETEST24,2.5,48,343,-55.5,23.6,0.78,-63.5,205,31.5,32.7,1.23,-17.0,178,-20.5,25.3,0.85,-48.0
XAUUSDm,18-20,RETEST24,3.0,24,341,-96.0,15.2,0.62,-98.0,201,31.0,26.9,1.24,-13.0,176,-19.0,21.0,0.85,-46.0
XAUUSDm,18-20,RETEST24,3.0,48,341,-65.0,19.4,0.75,-66.0,201,41.0,29.9,1.29,-17.0,176,-8.0,23.9,0.94,-42.0
XAUUSDm,18-20,RETEST48,2.0,24,190,-8.0,30.5,0.94,-23.0,107,-18.0,27.1,0.76,-22.0,103,-19.0,27.2,0.75,-29.0
XAUUSDm,18-20,RETEST48,2.0,48,190,-10.0,31.1,0.92,-25.0,107,-19.0,27.1,0.75,-23.0,103,-19.0,27.2,0.75,-29.0
XAUUSDm,18-20,RETEST48,2.5,24,185,-39.0,20.5,0.71,-50.0,106,-18.0,22.6,0.77,-18.5,103,-18.0,23.3,0.77,-33.0
XAUUSDm,18-20,RETEST48,2.5,48,185,-35.0,22.7,0.75,-45.0,106,-17.5,23.6,0.78,-20.5,103,-15.5,24.3,0.8,-33.0
XAUUSDm,18-20,RETEST48,3.0,24,184,-38.0,17.4,0.72,-49.0,106,-19.0,18.9,0.76,-19.0,103,-12.0,21.4,0.85,-31.0
XAUUSDm,18-20,RETEST48,3.0,48,184,-27.0,20.7,0.81,-36.0,106,-17.0,20.8,0.8,-21.0,103,-3.0,24.3,0.96,-28.0
XAUUSDm,18-20,VWAP,2.0,24,70,-14.0,25.7,0.72,-27.0,55,3.0,34.5,1.09,-13.0,27,-3.0,29.6,0.84,-4.0
XAUUSDm,18-20,VWAP,2.0,48,70,-14.0,25.7,0.72,-27.0,55,2.0,34.5,1.06,-13.0,27,-3.0,29.6,0.84,-4.0
XAUUSDm,18-20,VWAP,2.5,24,69,-11.0,23.2,0.78,-26.0,55,3.0,29.1,1.08,-11.5,26,-1.5,26.9,0.92,-3.0
XAUUSDm,18-20,VWAP,2.5,48,69,-11.0,23.2,0.78,-26.0,55,4.5,30.9,1.12,-11.5,26,-1.5,26.9,0.92,-3.0
XAUUSDm,18-20,VWAP,3.0,24,69,-10.0,20.3,0.81,-26.0,55,5.0,25.5,1.14,-13.0,26,-1.0,23.1,0.95,-4.0
XAUUSDm,18-20,VWAP,3.0,48,69,-11.0,20.3,0.79,-27.0,55,13.0,30.9,1.34,-10.0,26,-2.0,23.1,0.9,-5.0
XAUUSDm,18-20,RSI2,2.0,24,332,40.0,36.1,1.2,-19.0,199,22.0,36.2,1.18,-11.0,176,-26.0,28.4,0.79,-38.0
XAUUSDm,18-20,RSI2,2.0,48,332,42.0,37.3,1.2,-20.0,199,20.0,36.7,1.16,-12.0,176,-26.0,28.4,0.79,-38.0
XAUUSDm,18-20,RSI2,2.5,24,323,5.0,26.6,1.02,-28.0,196,37.5,33.2,1.3,-13.5,174,-20.5,24.7,0.84,-39.0
XAUUSDm,18-20,RSI2,2.5,48,323,14.0,29.1,1.06,-28.0,196,35.0,33.7,1.27,-12.5,174,-20.0,25.3,0.85,-37.5
XAUUSDm,18-20,RSI2,3.0,24,321,-3.0,21.8,0.99,-26.0,194,25.0,26.8,1.19,-13.0,171,-22.0,21.1,0.83,-43.0
XAUUSDm,18-20,RSI2,3.0,48,321,9.0,24.6,1.04,-28.0,194,30.0,28.9,1.22,-12.0,171,-18.0,22.2,0.86,-38.0
XAUUSDm,20-22,BREAK24,2.0,24,178,13.0,34.8,1.12,-14.0,104,-16.0,27.9,0.78,-24.0,82,5.0,35.4,1.09,-9.0
XAUUSDm,20-22,BREAK24,2.0,48,178,11.0,35.4,1.1,-17.0,104,-14.0,28.8,0.81,-22.0,82,5.0,35.4,1.09,-9.0
XAUUSDm,20-22,BREAK24,2.5,24,171,13.0,29.2,1.12,-17.0,101,-15.0,23.8,0.8,-28.5,79,6.0,30.4,1.11,-9.0
XAUUSDm,20-22,BREAK24,2.5,48,171,15.5,31.0,1.13,-18.0,101,-13.5,24.8,0.82,-27.0,79,5.0,30.4,1.09,-10.0
XAUUSDm,20-22,BREAK24,3.0,24,162,11.0,24.7,1.1,-22.0,100,-10.0,22.0,0.87,-27.0,79,14.0,29.1,1.25,-10.0
XAUUSDm,20-22,BREAK24,3.0,48,162,20.0,27.8,1.17,-16.0,100,-11.0,22.0,0.86,-28.0,79,13.0,29.1,1.23,-11.0
XAUUSDm,20-22,BREAK48,2.0,24,114,-8.0,30.7,0.9,-26.0,60,-5.0,30.0,0.88,-12.0,45,6.0,37.8,1.21,-6.0
XAUUSDm,20-22,BREAK48,2.0,48,114,-9.0,30.7,0.89,-27.0,60,-3.0,31.7,0.93,-12.0,45,6.0,37.8,1.21,-6.0
XAUUSDm,20-22,BREAK48,2.5,24,112,-11.0,25.0,0.86,-28.0,58,-1.0,27.6,0.98,-15.0,43,9.5,34.9,1.34,-6.5
XAUUSDm,20-22,BREAK48,2.5,48,112,-13.0,25.0,0.84,-30.0,58,1.5,29.3,1.04,-15.0,43,9.5,34.9,1.34,-6.5
XAUUSDm,20-22,BREAK48,3.0,24,106,-3.0,23.6,0.96,-28.0,56,5.0,26.8,1.12,-16.0,43,13.0,32.6,1.45,-6.0
XAUUSDm,20-22,BREAK48,3.0,48,106,-5.0,23.6,0.94,-30.0,56,5.0,26.8,1.12,-16.0,43,13.0,32.6,1.45,-6.0
XAUUSDm,20-22,MOMEMA,2.0,24,428,25.0,34.3,1.09,-45.0,260,-18.0,30.8,0.9,-54.0,206,8.0,34.5,1.06,-11.0
XAUUSDm,20-22,MOMEMA,2.0,48,428,19.0,34.8,1.07,-47.0,260,-14.0,31.5,0.92,-50.0,206,10.0,35.0,1.07,-11.0
XAUUSDm,20-22,MOMEMA,2.5,24,403,26.0,28.3,1.1,-49.5,251,-37.0,23.9,0.8,-78.5,195,15.5,30.3,1.12,-11.0
XAUUSDm,20-22,MOMEMA,2.5,48,403,41.5,31.5,1.15,-44.0,251,-34.0,24.7,0.82,-74.5,195,18.5,31.3,1.14,-11.0
XAUUSDm,20-22,MOMEMA,3.0,24,390,16.0,23.3,1.06,-62.0,247,-38.0,20.6,0.8,-81.0,194,13.0,25.8,1.09,-14.0
XAUUSDm,20-22,MOMEMA,3.0,48,390,46.0,27.7,1.17,-48.0,247,-34.0,21.5,0.82,-77.0,194,14.0,26.8,1.1,-14.0
XAUUSDm,20-22,EMACROSS,2.0,24,55,-6.0,29.1,0.84,-11.0,32,1.0,34.4,1.05,-7.0,29,1.0,34.5,1.05,-5.0
XAUUSDm,20-22,EMACROSS,2.0,48,55,-4.0,30.9,0.89,-11.0,32,1.0,34.4,1.05,-7.0,29,1.0,34.5,1.05,-5.0
XAUUSDm,20-22,EMACROSS,2.5,24,55,-4.0,25.5,0.9,-13.5,32,3.0,31.2,1.14,-7.0,29,-1.0,27.6,0.95,-5.0
XAUUSDm,20-22,EMACROSS,2.5,48,55,-2.5,27.3,0.94,-13.5,32,3.0,31.2,1.14,-7.0,29,-1.0,27.6,0.95,-5.0
XAUUSDm,20-22,EMACROSS,3.0,24,55,-5.0,21.8,0.88,-16.0,32,8.0,31.2,1.36,-6.0,29,-1.0,24.1,0.95,-6.0
XAUUSDm,20-22,EMACROSS,3.0,48,55,-7.0,21.8,0.84,-18.0,32,8.0,31.2,1.36,-6.0,29,-1.0,24.1,0.95,-6.0
XAUUSDm,20-22,RETEST24,2.0,24,202,-9.0,31.2,0.93,-17.0,123,10.0,35.8,1.13,-16.0,99,-9.0,29.3,0.87,-18.0
XAUUSDm,20-22,RETEST24,2.0,48,202,-4.0,32.7,0.97,-16.0,123,9.0,35.8,1.11,-16.0,99,-6.0,31.3,0.91,-17.0
XAUUSDm,20-22,RETEST24,2.5,24,200,-8.0,26.0,0.94,-22.5,121,1.0,28.1,1.01,-20.0,98,-0.5,27.6,0.99,-13.5
XAUUSDm,20-22,RETEST24,2.5,48,200,7.5,29.5,1.05,-19.0,121,1.5,28.9,1.02,-20.0,98,3.5,29.6,1.05,-13.5
XAUUSDm,20-22,RETEST24,3.0,24,197,-13.0,21.3,0.91,-23.0,119,9.0,26.1,1.11,-18.0,97,3.0,24.7,1.04,-16.0
XAUUSDm,20-22,RETEST24,3.0,48,197,5.0,25.4,1.03,-19.0,119,13.0,27.7,1.15,-18.0,97,11.0,27.8,1.16,-14.0
XAUUSDm,20-22,RETEST48,2.0,24,131,15.0,36.6,1.19,-8.0,64,-6.0,29.7,0.86,-16.0,67,-9.0,28.4,0.81,-12.0
XAUUSDm,20-22,RETEST48,2.0,48,131,19.0,38.2,1.23,-7.0,64,-7.0,29.7,0.84,-17.0,67,-10.0,28.4,0.79,-13.0
XAUUSDm,20-22,RETEST48,2.5,24,130,18.5,31.5,1.22,-9.5,62,-7.5,24.2,0.83,-17.0,67,-3.0,26.9,0.94,-11.0
XAUUSDm,20-22,RETEST48,2.5,48,130,25.0,33.8,1.29,-9.5,62,-9.5,24.2,0.8,-18.0,67,-4.0,26.9,0.92,-11.0
XAUUSDm,20-22,RETEST48,3.0,24,130,16.0,26.2,1.19,-11.0,62,-3.0,22.6,0.93,-15.0,67,-1.0,23.9,0.98,-10.0
XAUUSDm,20-22,RETEST48,3.0,48,130,23.0,29.2,1.25,-9.0,62,-2.0,24.2,0.96,-16.0,67,1.0,25.4,1.02,-11.0
XAUUSDm,20-22,VWAP,2.0,24,34,2.0,35.3,1.09,-10.0,27,-17.0,11.1,0.26,-18.0,18,-9.0,16.7,0.4,-13.0
XAUUSDm,20-22,VWAP,2.0,48,34,2.0,35.3,1.09,-10.0,27,-18.0,11.1,0.25,-19.0,18,-9.0,16.7,0.4,-13.0
XAUUSDm,20-22,VWAP,2.5,24,34,5.5,32.4,1.25,-10.0,27,-15.5,11.1,0.33,-17.0,17,-13.5,5.9,0.16,-13.0
XAUUSDm,20-22,VWAP,2.5,48,34,5.5,32.4,1.25,-10.0,27,-16.5,11.1,0.31,-18.0,17,-13.5,5.9,0.16,-13.0
XAUUSDm,20-22,VWAP,3.0,24,34,1.0,23.5,1.04,-13.0,27,-14.0,11.1,0.39,-16.0,17,-13.0,5.9,0.19,-13.0
XAUUSDm,20-22,VWAP,3.0,48,34,7.0,29.4,1.3,-13.0,27,-15.0,11.1,0.38,-17.0,17,-13.0,5.9,0.19,-13.0
XAUUSDm,20-22,RSI2,2.0,24,198,0.0,32.8,1.0,-28.0,111,12.0,36.9,1.17,-13.0,88,-10.0,29.5,0.84,-18.0
XAUUSDm,20-22,RSI2,2.0,48,198,3.0,33.8,1.02,-28.0,111,12.0,36.9,1.17,-13.0,88,-10.0,29.5,0.84,-18.0
XAUUSDm,20-22,RSI2,2.5,24,193,-0.5,27.5,1.0,-24.5,110,18.0,32.7,1.25,-13.5,86,-11.5,24.4,0.82,-20.5
XAUUSDm,20-22,RSI2,2.5,48,193,10.0,30.1,1.07,-24.5,110,19.5,33.6,1.27,-12.5,86,-12.5,24.4,0.81,-21.5
XAUUSDm,20-22,RSI2,3.0,24,192,-9.0,22.4,0.93,-30.0,108,4.0,25.0,1.05,-19.0,84,-26.0,16.7,0.62,-38.0
XAUUSDm,20-22,RSI2,3.0,48,192,4.0,25.5,1.03,-30.0,108,12.0,27.8,1.15,-14.0,84,-28.0,16.7,0.6,-40.0
XAUUSDm,22-24,BREAK24,2.0,24,278,-7.0,32.4,0.96,-37.0,191,10.0,35.1,1.08,-18.0,212,-2.0,33.0,0.99,-29.0
XAUUSDm,22-24,BREAK24,2.0,48,278,-7.0,32.4,0.96,-37.0,191,10.0,35.1,1.08,-18.0,212,-2.0,33.0,0.99,-29.0
XAUUSDm,22-24,BREAK24,2.5,24,267,3.5,28.8,1.02,-29.5,184,5.0,29.3,1.04,-18.5,207,-4.0,28.0,0.97,-35.5
XAUUSDm,22-24,BREAK24,2.5,48,267,3.5,28.8,1.02,-29.5,184,5.0,29.3,1.04,-18.5,207,-4.0,28.0,0.97,-35.5
XAUUSDm,22-24,BREAK24,3.0,24,257,9.0,25.7,1.05,-36.0,178,18.0,27.5,1.14,-23.0,201,12.0,26.4,1.08,-34.0
XAUUSDm,22-24,BREAK24,3.0,48,257,12.0,26.1,1.06,-36.0,178,18.0,27.5,1.14,-23.0,201,11.0,26.4,1.07,-34.0
XAUUSDm,22-24,BREAK48,2.0,24,183,1.0,33.3,1.01,-21.0,138,15.0,37.0,1.17,-8.0,153,24.0,38.6,1.26,-16.0
XAUUSDm,22-24,BREAK48,2.0,48,183,1.0,33.3,1.01,-21.0,138,15.0,37.0,1.17,-8.0,153,24.0,38.6,1.26,-16.0
XAUUSDm,22-24,BREAK48,2.5,24,176,10.5,30.1,1.09,-14.0,132,11.5,31.1,1.13,-12.0,148,27.0,33.8,1.28,-21.0
XAUUSDm,22-24,BREAK48,2.5,48,176,10.5,30.1,1.09,-14.0,132,11.5,31.1,1.13,-12.0,148,27.0,33.8,1.28,-21.0
XAUUSDm,22-24,BREAK48,3.0,24,170,16.0,27.1,1.13,-17.0,129,19.0,28.7,1.21,-17.0,144,41.0,31.9,1.42,-22.0
XAUUSDm,22-24,BREAK48,3.0,48,170,19.0,27.6,1.16,-17.0,129,19.0,28.7,1.21,-17.0,144,40.0,31.9,1.41,-22.0
XAUUSDm,22-24,MOMEMA,2.0,24,604,-69.0,29.5,0.84,-85.0,397,5.0,33.8,1.02,-44.0,392,-21.0,31.4,0.92,-52.0
XAUUSDm,22-24,MOMEMA,2.0,48,604,-69.0,29.5,0.84,-85.0,397,5.0,33.8,1.02,-44.0,392,-20.0,31.6,0.93,-52.0
XAUUSDm,22-24,MOMEMA,2.5,24,577,-83.0,24.3,0.81,-96.5,379,-7.0,28.0,0.97,-51.5,376,-13.5,27.4,0.95,-59.0
XAUUSDm,22-24,MOMEMA,2.5,48,577,-79.0,24.6,0.82,-95.0,379,-8.0,28.0,0.97,-52.5,376,-12.0,27.7,0.96,-59.0
XAUUSDm,22-24,MOMEMA,3.0,24,559,-66.0,21.6,0.85,-89.0,371,8.0,25.3,1.03,-48.0,361,-1.0,24.7,1.0,-57.0
XAUUSDm,22-24,MOMEMA,3.0,48,559,-53.0,22.5,0.88,-79.0,371,13.0,25.9,1.05,-45.0,361,-1.0,24.9,1.0,-57.0
XAUUSDm,22-24,EMACROSS,2.0,24,81,6.0,35.8,1.12,-9.0,39,-6.0,28.2,0.79,-17.0,45,12.0,42.2,1.46,-5.0
XAUUSDm,22-24,EMACROSS,2.0,48,81,6.0,35.8,1.12,-9.0,39,-6.0,28.2,0.79,-17.0,45,12.0,42.2,1.46,-5.0
XAUUSDm,22-24,EMACROSS,2.5,24,81,-0.5,28.4,0.99,-12.5,39,-7.5,23.1,0.75,-20.5,45,11.0,35.6,1.38,-6.5
XAUUSDm,22-24,EMACROSS,2.5,48,81,-0.5,28.4,0.99,-12.5,39,-7.5,23.1,0.75,-20.5,45,11.0,35.6,1.38,-6.5
XAUUSDm,22-24,EMACROSS,3.0,24,81,-12.0,21.0,0.81,-20.0,39,-3.0,23.1,0.9,-20.0,45,4.0,26.7,1.12,-11.0
XAUUSDm,22-24,EMACROSS,3.0,48,81,-13.0,21.0,0.8,-20.0,39,-3.0,23.1,0.9,-20.0,45,3.0,26.7,1.09,-11.0
XAUUSDm,22-24,RETEST24,2.0,24,296,49.0,38.9,1.27,-13.0,214,-10.0,31.8,0.93,-21.0,210,-18.0,30.5,0.88,-32.0
XAUUSDm,22-24,RETEST24,2.0,48,296,49.0,38.9,1.27,-13.0,214,-10.0,31.8,0.93,-21.0,210,-18.0,30.5,0.88,-32.0
XAUUSDm,22-24,RETEST24,2.5,24,292,49.5,33.2,1.26,-12.5,209,-23.5,25.4,0.85,-31.0,209,-16.5,26.3,0.89,-34.5
XAUUSDm,22-24,RETEST24,2.5,48,292,54.5,33.9,1.28,-12.5,209,-23.5,25.4,0.85,-31.0,209,-16.5,26.3,0.89,-34.5
XAUUSDm,22-24,RETEST24,3.0,24,289,62.0,30.1,1.31,-16.0,205,-16.0,22.9,0.9,-31.0,206,-1.0,24.8,0.99,-24.0
XAUUSDm,22-24,RETEST24,3.0,48,289,71.0,31.1,1.36,-16.0,205,-13.0,23.4,0.92,-28.0,206,-2.0,24.8,0.99,-25.0
XAUUSDm,22-24,RETEST48,2.0,24,202,41.0,40.1,1.34,-9.0,153,3.0,34.0,1.03,-8.0,140,-17.0,29.3,0.83,-29.0
XAUUSDm,22-24,RETEST48,2.0,48,202,41.0,40.1,1.34,-9.0,153,3.0,34.0,1.03,-8.0,140,-17.0,29.3,0.83,-29.0
XAUUSDm,22-24,RETEST48,2.5,24,200,37.5,33.5,1.29,-11.0,149,-9.0,26.8,0.92,-20.0,140,-17.5,25.0,0.83,-31.5
XAUUSDm,22-24,RETEST48,2.5,48,200,45.0,35.0,1.35,-8.5,149,-9.0,26.8,0.92,-20.0,140,-17.5,25.0,0.83,-31.5
XAUUSDm,22-24,RETEST48,3.0,24,198,44.0,29.8,1.33,-14.0,148,-6.0,23.6,0.95,-20.0,140,-16.0,22.1,0.85,-30.0
XAUUSDm,22-24,RETEST48,3.0,48,198,54.0,31.8,1.4,-9.0,148,0.0,25.0,1.0,-20.0,140,-16.0,22.1,0.85,-30.0
XAUUSDm,22-24,VWAP,2.0,24,139,5.0,34.5,1.05,-16.0,95,4.0,34.7,1.06,-13.0,106,8.0,35.8,1.12,-17.0
XAUUSDm,22-24,VWAP,2.0,48,139,5.0,34.5,1.05,-16.0,95,4.0,34.7,1.06,-13.0,106,8.0,35.8,1.12,-17.0
XAUUSDm,22-24,VWAP,2.5,24,135,12.0,31.1,1.13,-22.5,92,-24.5,20.7,0.66,-30.5,103,5.5,30.1,1.08,-21.0
XAUUSDm,22-24,VWAP,2.5,48,135,12.0,31.1,1.13,-22.5,92,-25.5,20.7,0.65,-31.5,103,5.5,30.1,1.08,-21.0
XAUUSDm,22-24,VWAP,3.0,24,134,-6.0,23.1,0.94,-29.0,88,-18.0,19.3,0.74,-29.0,99,-10.0,22.2,0.87,-35.0
XAUUSDm,22-24,VWAP,3.0,48,134,6.0,26.1,1.06,-23.0,88,-16.0,20.5,0.77,-27.0,99,-11.0,22.2,0.86,-35.0
XAUUSDm,22-24,RSI2,2.0,24,294,6.0,34.0,1.03,-21.0,197,-5.0,32.5,0.96,-22.0,207,-6.0,32.4,0.96,-22.0
XAUUSDm,22-24,RSI2,2.0,48,294,6.0,34.0,1.03,-21.0,197,-5.0,32.5,0.96,-22.0,207,-6.0,32.4,0.96,-22.0
XAUUSDm,22-24,RSI2,2.5,24,289,-7.0,27.7,0.97,-27.0,196,10.5,30.1,1.08,-15.5,204,9.5,29.9,1.07,-16.5
XAUUSDm,22-24,RSI2,2.5,48,289,-2.0,28.4,0.99,-27.0,196,10.5,30.1,1.08,-15.5,204,9.5,29.9,1.07,-16.5
XAUUSDm,22-24,RSI2,3.0,24,285,-21.0,22.8,0.9,-35.0,191,-3.0,24.6,0.98,-17.0,202,11.0,26.2,1.07,-24.0
XAUUSDm,22-24,RSI2,3.0,48,285,-17.0,23.5,0.92,-35.0,191,-3.0,24.6,0.98,-17.0,202,14.0,26.7,1.09,-24.0
BTCUSDm,00-02,BREAK24,2.0,24,548,-29.0,31.4,0.92,-43.0,352,-26.0,30.7,0.89,-55.0,288,-45.0,28.1,0.78,-54.0
BTCUSDm,00-02,BREAK24,2.0,48,548,-29.0,31.6,0.92,-44.0,352,-24.0,31.0,0.9,-53.0,288,-45.0,28.1,0.78,-54.0
BTCUSDm,00-02,BREAK24,2.5,24,537,-87.0,23.5,0.78,-89.5,340,5.0,28.8,1.02,-39.5,280,-44.5,23.9,0.79,-48.0
BTCUSDm,00-02,BREAK24,2.5,48,537,-87.0,23.8,0.79,-91.0,340,7.5,29.1,1.03,-37.0,280,-42.0,24.3,0.8,-45.5
BTCUSDm,00-02,BREAK24,3.0,24,524,-97.0,19.7,0.76,-101.0,331,-13.0,23.6,0.95,-49.0,275,-56.0,19.6,0.74,-58.0
BTCUSDm,00-02,BREAK24,3.0,48,524,-98.0,20.2,0.76,-105.0,331,-2.0,24.8,0.99,-43.0,275,-54.0,20.0,0.75,-56.0
BTCUSDm,00-02,BREAK48,2.0,24,352,-27.0,30.7,0.89,-40.0,217,1.0,33.2,1.01,-25.0,174,-33.0,27.0,0.74,-39.0
BTCUSDm,00-02,BREAK48,2.0,48,352,-28.0,30.7,0.89,-40.0,217,3.0,33.6,1.02,-23.0,174,-33.0,27.0,0.74,-39.0
BTCUSDm,00-02,BREAK48,2.5,24,346,-53.5,24.0,0.8,-63.5,213,16.5,30.5,1.11,-19.5,170,-26.5,24.1,0.79,-26.0
BTCUSDm,00-02,BREAK48,2.5,48,346,-55.5,24.0,0.79,-65.5,213,19.0,31.0,1.13,-19.5,170,-26.5,24.1,0.79,-26.0
BTCUSDm,00-02,BREAK48,3.0,24,340,-63.0,20.0,0.76,-73.0,206,13.0,26.2,1.09,-26.0,168,-35.0,19.6,0.74,-38.0
BTCUSDm,00-02,BREAK48,3.0,48,340,-68.0,20.0,0.75,-78.0,206,16.0,26.7,1.11,-26.0,168,-32.0,20.2,0.76,-35.0
BTCUSDm,00-02,MOMEMA,2.0,24,1241,2.0,33.3,1.0,-81.0,727,32.0,34.7,1.07,-28.0,618,-28.0,31.7,0.93,-65.0
BTCUSDm,00-02,MOMEMA,2.0,48,1241,10.0,33.6,1.01,-75.0,727,34.0,34.8,1.07,-28.0,618,-24.0,32.0,0.94,-63.0
BTCUSDm,00-02,MOMEMA,2.5,24,1171,-6.0,28.0,0.99,-76.5,688,48.0,30.2,1.1,-27.5,577,-13.0,27.7,0.97,-58.0
BTCUSDm,00-02,MOMEMA,2.5,48,1171,14.0,28.9,1.02,-65.0,688,60.5,31.0,1.13,-25.0,577,-6.5,28.2,0.98,-58.0
BTCUSDm,00-02,MOMEMA,3.0,24,1115,-48.0,23.1,0.94,-107.0,663,34.0,25.8,1.07,-29.0,553,-59.0,21.7,0.86,-68.0
BTCUSDm,00-02,MOMEMA,3.0,48,1115,-26.0,24.1,0.97,-102.0,663,54.0,26.8,1.11,-30.0,553,-43.0,23.0,0.9,-68.0
BTCUSDm,00-02,EMACROSS,2.0,24,179,-7.0,31.8,0.94,-33.0,100,-9.0,30.0,0.87,-20.0,95,-2.0,32.6,0.97,-13.0
BTCUSDm,00-02,EMACROSS,2.0,48,179,-5.0,32.4,0.96,-33.0,100,-7.0,31.0,0.9,-19.0,95,-2.0,32.6,0.97,-13.0
BTCUSDm,00-02,EMACROSS,2.5,24,179,-1.0,27.9,0.99,-38.0,100,-8.0,26.0,0.89,-18.5,95,-7.5,26.3,0.89,-13.5
BTCUSDm,00-02,EMACROSS,2.5,48,179,3.0,29.1,1.02,-36.5,100,-8.0,26.0,0.89,-18.5,95,-7.5,26.3,0.89,-13.5
BTCUSDm,00-02,EMACROSS,3.0,24,179,1.0,24.0,1.01,-36.0,100,1.0,25.0,1.01,-17.0,95,-3.0,24.2,0.96,-19.0
BTCUSDm,00-02,EMACROSS,3.0,48,179,8.0,25.7,1.06,-31.0,100,1.0,25.0,1.01,-17.0,95,-3.0,24.2,0.96,-19.0
BTCUSDm,00-02,RETEST24,2.0,24,608,-13.0,32.6,0.97,-55.0,359,16.0,34.8,1.07,-26.0,322,-25.0,30.7,0.89,-53.0
BTCUSDm,00-02,RETEST24,2.0,48,608,-11.0,32.7,0.97,-53.0,359,16.0,34.8,1.07,-26.0,322,-25.0,30.7,0.89,-53.0
BTCUSDm,00-02,RETEST24,2.5,24,598,-15.5,27.6,0.96,-55.0,354,14.0,29.4,1.06,-23.0,319,-25.5,26.0,0.89,-61.5
BTCUSDm,00-02,RETEST24,2.5,48,598,-8.0,28.1,0.98,-52.5,354,16.5,29.7,1.07,-23.0,319,-24.0,26.3,0.9,-60.0
BTCUSDm,00-02,RETEST24,3.0,24,593,3.0,24.6,1.01,-52.0,349,11.0,25.2,1.04,-27.0,319,-33.0,21.9,0.86,-65.0
BTCUSDm,00-02,RETEST24,3.0,48,593,19.0,25.6,1.04,-50.0,349,14.0,25.8,1.05,-23.0,319,-26.0,22.9,0.89,-57.0
BTCUSDm,00-02,RETEST48,2.0,24,370,35.0,36.5,1.15,-25.0,214,11.0,35.0,1.08,-19.0,187,17.0,36.4,1.14,-16.0
BTCUSDm,00-02,RETEST48,2.0,48,370,35.0,36.5,1.15,-25.0,214,11.0,35.0,1.08,-19.0,187,17.0,36.4,1.14,-16.0
BTCUSDm,00-02,RETEST48,2.5,24,368,14.5,29.6,1.06,-38.0,213,15.0,30.0,1.1,-18.5,186,28.5,32.8,1.23,-12.0
BTCUSDm,00-02,RETEST48,2.5,48,368,17.0,29.9,1.07,-35.5,213,17.5,30.5,1.12,-18.5,186,28.5,32.8,1.23,-12.0
BTCUSDm,00-02,RETEST48,3.0,24,366,22.0,26.0,1.08,-38.0,212,0.0,24.1,1.0,-23.0,186,32.0,29.0,1.25,-24.0
BTCUSDm,00-02,RETEST48,3.0,48,366,31.0,27.0,1.12,-33.0,212,3.0,25.0,1.02,-23.0,186,35.0,29.6,1.27,-21.0
BTCUSDm,00-02,VWAP,2.0,24,887,52.0,35.2,1.09,-42.0,563,30.0,35.0,1.08,-36.0,465,29.0,35.3,1.1,-36.0
BTCUSDm,00-02,VWAP,2.0,48,887,55.0,35.4,1.1,-39.0,563,32.0,35.2,1.09,-36.0,465,33.0,35.7,1.11,-36.0
BTCUSDm,00-02,VWAP,2.5,24,843,67.5,30.5,1.12,-32.5,539,63.5,31.7,1.17,-31.0,441,26.0,29.9,1.09,-37.5
BTCUSDm,00-02,VWAP,2.5,48,843,86.5,31.4,1.15,-29.0,539,67.5,32.1,1.18,-28.5,441,33.5,30.6,1.11,-34.0
BTCUSDm,00-02,VWAP,3.0,24,812,43.0,25.7,1.07,-43.0,508,26.0,25.8,1.07,-45.0,421,-1.0,24.2,1.0,-60.0
BTCUSDm,00-02,VWAP,3.0,48,812,70.0,27.0,1.12,-33.0,508,46.0,27.2,1.12,-31.0,421,2.0,24.9,1.01,-62.0
BTCUSDm,00-02,RSI2,2.0,24,571,0.0,33.1,1.0,-24.0,365,37.0,36.7,1.16,-17.0,284,-1.0,33.1,0.99,-24.0
BTCUSDm,00-02,RSI2,2.0,48,571,2.0,33.5,1.01,-22.0,365,37.0,36.7,1.16,-17.0,284,1.0,33.5,1.01,-24.0
BTCUSDm,00-02,RSI2,2.5,24,563,0.0,28.1,1.0,-33.0,356,22.5,30.1,1.09,-19.0,275,-9.5,27.3,0.95,-26.5
BTCUSDm,00-02,RSI2,2.5,48,563,6.0,28.8,1.02,-26.5,356,22.0,30.3,1.09,-21.0,275,-5.5,28.0,0.97,-24.5
BTCUSDm,00-02,RSI2,3.0,24,558,7.0,24.6,1.02,-25.0,350,35.0,27.1,1.14,-26.0,274,4.0,24.8,1.02,-21.0
BTCUSDm,00-02,RSI2,3.0,48,558,25.0,26.0,1.06,-26.0,350,32.0,27.1,1.13,-28.0,274,6.0,25.5,1.03,-20.0
BTCUSDm,02-04,BREAK24,2.0,24,399,-1.0,32.8,1.0,-24.0,301,2.0,33.2,1.01,-22.0,210,2.0,33.3,1.01,-20.0
BTCUSDm,02-04,BREAK24,2.0,48,399,1.0,33.3,1.0,-23.0,301,8.0,34.2,1.04,-18.0,210,6.0,34.3,1.04,-20.0
BTCUSDm,02-04,BREAK24,2.5,24,390,-37.0,25.1,0.87,-41.5,287,33.0,31.4,1.17,-24.5,207,3.5,28.5,1.02,-22.5
BTCUSDm,02-04,BREAK24,2.5,48,390,-39.0,25.6,0.87,-44.0,287,39.5,32.4,1.2,-19.5,207,11.0,30.0,1.08,-21.0
BTCUSDm,02-04,BREAK24,3.0,24,378,-36.0,21.7,0.87,-38.0,278,32.0,27.0,1.17,-28.0,199,-7.0,23.1,0.95,-25.0
BTCUSDm,02-04,BREAK24,3.0,48,378,-31.0,22.8,0.89,-37.0,278,42.0,28.4,1.22,-22.0,199,10.0,26.1,1.07,-21.0
BTCUSDm,02-04,BREAK48,2.0,24,273,7.0,34.1,1.04,-19.0,215,-1.0,33.0,0.99,-21.0,143,-6.0,31.5,0.94,-22.0
BTCUSDm,02-04,BREAK48,2.0,48,273,7.0,34.1,1.04,-19.0,215,-2.0,33.0,0.99,-21.0,143,-2.0,32.9,0.98,-18.0
BTCUSDm,02-04,BREAK48,2.5,24,264,-36.0,24.2,0.82,-45.0,207,13.5,30.4,1.09,-22.0,142,1.0,28.2,1.01,-16.5
BTCUSDm,02-04,BREAK48,2.5,48,264,-39.0,24.2,0.8,-48.0,207,13.5,30.4,1.09,-22.0,142,6.0,29.6,1.06,-12.5
BTCUSDm,02-04,BREAK48,3.0,24,262,-40.0,20.6,0.8,-49.0,202,2.0,24.8,1.01,-29.0,136,-11.0,22.1,0.89,-22.0
BTCUSDm,02-04,BREAK48,3.0,48,262,-37.0,21.4,0.82,-48.0,202,8.0,25.7,1.05,-29.0,136,1.0,25.0,1.01,-15.0
BTCUSDm,02-04,MOMEMA,2.0,24,983,48.0,34.5,1.08,-38.0,645,27.0,34.6,1.06,-26.0,523,-7.0,32.5,0.98,-31.0
BTCUSDm,02-04,MOMEMA,2.0,48,983,48.0,34.9,1.08,-38.0,645,30.0,34.9,1.07,-24.0,523,-1.0,33.3,1.0,-28.0
BTCUSDm,02-04,MOMEMA,2.5,24,919,53.5,29.3,1.09,-35.0,610,42.5,30.3,1.1,-21.0,498,26.5,29.5,1.08,-29.5
BTCUSDm,02-04,MOMEMA,2.5,48,919,59.0,30.3,1.09,-34.5,610,51.5,31.0,1.12,-21.0,498,35.0,30.5,1.1,-29.5
BTCUSDm,02-04,MOMEMA,3.0,24,878,30.0,24.4,1.05,-45.0,584,70.0,27.4,1.17,-23.0,474,3.0,24.1,1.01,-34.0
BTCUSDm,02-04,MOMEMA,3.0,48,878,60.0,26.4,1.09,-43.0,584,91.0,28.8,1.22,-20.0,474,29.0,26.4,1.08,-34.0
BTCUSDm,02-04,EMACROSS,2.0,24,149,-10.0,30.2,0.9,-19.0,87,4.0,34.5,1.07,-19.0,87,-3.0,32.2,0.95,-9.0
BTCUSDm,02-04,EMACROSS,2.0,48,149,-6.0,31.5,0.94,-16.0,87,6.0,35.6,1.11,-17.0,87,-3.0,32.2,0.95,-9.0
BTCUSDm,02-04,EMACROSS,2.5,24,149,-4.0,26.8,0.96,-21.0,87,-1.0,27.6,0.98,-13.5,87,0.5,28.7,1.01,-13.0
BTCUSDm,02-04,EMACROSS,2.5,48,149,-3.5,27.5,0.97,-22.0,87,1.5,28.7,1.02,-13.5,87,0.5,28.7,1.01,-13.0
BTCUSDm,02-04,EMACROSS,3.0,24,149,-5.0,22.8,0.95,-20.0,87,-10.0,20.7,0.84,-25.0,87,-15.0,19.5,0.77,-21.0
BTCUSDm,02-04,EMACROSS,3.0,48,149,-7.0,23.5,0.94,-24.0,87,-5.0,23.0,0.92,-23.0,87,-15.0,20.7,0.78,-21.0
BTCUSDm,02-04,RETEST24,2.0,24,465,-36.0,29.9,0.89,-56.0,326,-55.0,27.6,0.77,-61.0,244,17.0,35.2,1.11,-16.0
BTCUSDm,02-04,RETEST24,2.0,48,465,-30.0,31.2,0.91,-53.0,326,-56.0,27.6,0.76,-62.0,244,17.0,35.7,1.11,-16.0
BTCUSDm,02-04,RETEST24,2.5,24,458,-48.0,24.0,0.85,-69.5,320,-62.0,22.5,0.74,-69.5,243,19.0,29.6,1.12,-17.5
BTCUSDm,02-04,RETEST24,2.5,48,458,-37.0,26.2,0.89,-60.0,320,-57.5,23.4,0.77,-66.0,243,27.5,31.7,1.17,-17.5
BTCUSDm,02-04,RETEST24,3.0,24,453,-87.0,17.9,0.74,-89.0,313,-71.0,18.5,0.71,-75.0,241,15.0,24.9,1.09,-16.0
BTCUSDm,02-04,RETEST24,3.0,48,453,-65.0,21.2,0.82,-81.0,313,-60.0,20.1,0.76,-68.0,241,28.0,27.8,1.16,-16.0
BTCUSDm,02-04,RETEST48,2.0,24,323,-30.0,29.4,0.86,-35.0,247,-48.0,26.7,0.73,-58.0,166,11.0,34.9,1.1,-10.0
BTCUSDm,02-04,RETEST48,2.0,48,323,-26.0,30.7,0.88,-32.0,247,-49.0,26.7,0.73,-58.0,166,11.0,35.5,1.1,-10.0
BTCUSDm,02-04,RETEST48,2.5,24,320,-37.5,23.4,0.83,-41.5,244,-52.0,22.1,0.72,-64.5,165,12.0,29.1,1.11,-12.0
BTCUSDm,02-04,RETEST48,2.5,48,320,-28.5,25.9,0.88,-37.5,244,-55.0,22.1,0.71,-66.5,165,21.5,32.1,1.19,-12.0
BTCUSDm,02-04,RETEST48,3.0,24,319,-55.0,18.2,0.76,-58.0,241,-69.0,17.0,0.64,-70.0,164,17.0,25.6,1.16,-13.0
BTCUSDm,02-04,RETEST48,3.0,48,319,-43.0,21.3,0.83,-47.0,241,-64.0,18.3,0.67,-68.0,164,25.0,28.7,1.22,-16.0
BTCUSDm,02-04,VWAP,2.0,24,354,35.0,36.2,1.16,-29.0,212,35.0,38.7,1.27,-15.0,217,-11.0,30.9,0.92,-27.0
BTCUSDm,02-04,VWAP,2.0,48,354,30.0,36.2,1.13,-30.0,212,37.0,39.2,1.29,-15.0,217,-13.0,31.3,0.91,-29.0
BTCUSDm,02-04,VWAP,2.5,24,349,44.0,30.9,1.19,-27.0,210,28.5,31.9,1.21,-15.0,213,10.0,29.1,1.07,-16.0
BTCUSDm,02-04,VWAP,2.5,48,349,46.5,32.4,1.2,-28.0,210,35.0,33.3,1.25,-15.0,213,7.5,29.6,1.05,-17.0
BTCUSDm,02-04,VWAP,3.0,24,347,46.0,26.5,1.2,-29.0,209,39.0,28.7,1.28,-15.0,208,9.0,25.0,1.06,-19.0
BTCUSDm,02-04,VWAP,3.0,48,347,51.0,28.5,1.21,-31.0,209,51.0,31.1,1.35,-15.0,208,8.0,26.0,1.05,-21.0
BTCUSDm,02-04,RSI2,2.0,24,413,-11.0,31.7,0.96,-45.0,308,-37.0,29.2,0.83,-45.0,214,-8.0,31.8,0.94,-30.0
BTCUSDm,02-04,RSI2,2.0,48,413,-5.0,32.9,0.98,-43.0,308,-35.0,29.5,0.84,-43.0,214,-7.0,32.2,0.95,-29.0
BTCUSDm,02-04,RSI2,2.5,24,406,-38.5,24.9,0.87,-61.5,303,-32.0,25.1,0.86,-45.0,211,-16.0,25.6,0.89,-39.5
BTCUSDm,02-04,RSI2,2.5,48,406,-27.0,26.6,0.91,-53.0,303,-36.0,25.1,0.84,-49.0,211,-10.5,27.0,0.93,-35.5
BTCUSDm,02-04,RSI2,3.0,24,405,-45.0,20.7,0.85,-68.0,300,-58.0,19.3,0.75,-63.0,210,-15.0,21.9,0.9,-41.0
BTCUSDm,02-04,RSI2,3.0,48,405,-24.0,23.5,0.92,-50.0,300,-55.0,20.3,0.77,-63.0,210,0.0,24.8,1.0,-35.0
BTCUSDm,04-06,BREAK24,2.0,24,456,-22.0,31.6,0.93,-47.0,276,30.0,37.0,1.17,-26.0,234,33.0,38.0,1.23,-28.0
BTCUSDm,04-06,BREAK24,2.0,48,456,-21.0,31.8,0.93,-48.0,276,30.0,37.0,1.17,-26.0,234,33.0,38.0,1.23,-28.0
BTCUSDm,04-06,BREAK24,2.5,24,433,-24.0,26.8,0.92,-55.0,263,1.5,28.5,1.01,-32.5,225,30.5,32.4,1.2,-32.5
BTCUSDm,04-06,BREAK24,2.5,48,433,-23.5,27.0,0.93,-54.5,263,3.0,28.9,1.02,-33.0,225,30.5,32.4,1.2,-32.5
BTCUSDm,04-06,BREAK24,3.0,24,425,-24.0,23.1,0.92,-60.0,258,10.0,25.6,1.05,-29.0,222,22.0,27.5,1.14,-39.0
BTCUSDm,04-06,BREAK24,3.0,48,425,-12.0,24.2,0.96,-54.0,258,12.0,26.0,1.06,-28.0,222,22.0,27.5,1.14,-39.0
BTCUSDm,04-06,BREAK48,2.0,24,251,-20.0,30.7,0.89,-33.0,167,23.0,37.7,1.22,-12.0,140,-11.0,30.7,0.89,-28.0
BTCUSDm,04-06,BREAK48,2.0,48,251,-20.0,30.7,0.89,-33.0,167,22.0,37.7,1.21,-12.0,140,-11.0,30.7,0.89,-28.0
BTCUSDm,04-06,BREAK48,2.5,24,242,-24.0,25.6,0.87,-39.5,159,4.0,28.9,1.04,-16.5,136,-6.5,27.2,0.93,-36.5
BTCUSDm,04-06,BREAK48,2.5,48,242,-25.0,25.6,0.86,-40.5,159,5.5,29.6,1.05,-16.5,136,-6.5,27.2,0.93,-36.5
BTCUSDm,04-06,BREAK48,3.0,24,239,-20.0,22.6,0.89,-38.0,159,11.0,26.4,1.1,-16.0,135,-3.0,24.4,0.97,-35.0
BTCUSDm,04-06,BREAK48,3.0,48,239,-19.0,23.0,0.9,-37.0,159,10.0,26.4,1.09,-16.0,135,-3.0,24.4,0.97,-35.0
BTCUSDm,04-06,MOMEMA,2.0,24,1011,62.0,35.2,1.1,-38.0,635,43.0,35.6,1.11,-32.0,525,81.0,38.3,1.25,-25.0
BTCUSDm,04-06,MOMEMA,2.0,48,1011,63.0,35.4,1.1,-36.0,635,43.0,35.6,1.11,-32.0,525,81.0,38.5,1.25,-26.0
BTCUSDm,04-06,MOMEMA,2.5,24,949,39.5,29.4,1.06,-58.0,598,49.0,30.8,1.12,-38.0,496,111.5,34.9,1.35,-26.0
BTCUSDm,04-06,MOMEMA,2.5,48,949,59.0,30.3,1.09,-49.0,598,53.0,31.1,1.13,-38.0,496,110.5,34.9,1.34,-27.0
BTCUSDm,04-06,MOMEMA,3.0,24,905,49.0,25.5,1.08,-56.0,571,61.0,27.1,1.15,-47.0,475,111.0,30.3,1.35,-25.0
BTCUSDm,04-06,MOMEMA,3.0,48,905,86.0,27.3,1.13,-46.0,571,70.0,28.0,1.17,-46.0,475,119.0,31.2,1.37,-26.0
BTCUSDm,04-06,EMACROSS,2.0,24,134,-1.0,32.8,0.99,-14.0,75,18.0,41.3,1.41,-4.0,71,13.0,39.4,1.3,-8.0
BTCUSDm,04-06,EMACROSS,2.0,48,134,-2.0,32.8,0.98,-15.0,75,18.0,41.3,1.41,-4.0,71,13.0,39.4,1.3,-8.0
BTCUSDm,04-06,EMACROSS,2.5,24,134,8.0,29.9,1.09,-13.5,75,27.5,38.7,1.61,-8.5,71,20.0,36.6,1.44,-9.5
BTCUSDm,04-06,EMACROSS,2.5,48,134,9.5,30.6,1.1,-12.0,75,30.0,40.0,1.67,-7.0,71,20.0,36.6,1.44,-9.5
BTCUSDm,04-06,EMACROSS,3.0,24,134,10.0,26.1,1.11,-18.0,75,27.0,33.3,1.56,-12.0,71,21.0,32.4,1.44,-9.0
BTCUSDm,04-06,EMACROSS,3.0,48,134,14.0,27.6,1.14,-14.0,75,30.0,34.7,1.62,-9.0,71,21.0,32.4,1.44,-9.0
BTCUSDm,04-06,RETEST24,2.0,24,527,-59.0,29.4,0.84,-67.0,317,41.0,37.5,1.21,-14.0,284,-26.0,29.9,0.87,-44.0
BTCUSDm,04-06,RETEST24,2.0,48,527,-53.0,30.0,0.86,-64.0,317,43.0,37.9,1.22,-14.0,284,-26.0,30.3,0.87,-43.0
BTCUSDm,04-06,RETEST24,2.5,24,523,-55.0,25.2,0.86,-73.5,314,50.5,32.8,1.24,-18.0,279,-26.5,25.4,0.87,-49.0
BTCUSDm,04-06,RETEST24,2.5,48,523,-47.0,26.0,0.88,-67.0,314,57.0,33.8,1.27,-18.0,279,-23.5,26.2,0.89,-47.5
BTCUSDm,04-06,RETEST24,3.0,24,517,-57.0,21.5,0.85,-78.0,309,36.0,27.2,1.17,-17.0,274,-30.0,21.5,0.86,-44.0
BTCUSDm,04-06,RETEST24,3.0,48,517,-46.0,22.6,0.88,-72.0,309,51.0,29.1,1.23,-17.0,274,-17.0,23.4,0.92,-42.0
BTCUSDm,04-06,RETEST48,2.0,24,295,-30.0,29.8,0.85,-47.0,211,-9.0,31.8,0.94,-32.0,155,6.0,34.2,1.06,-22.0
BTCUSDm,04-06,RETEST48,2.0,48,295,-28.0,30.2,0.86,-47.0,211,-7.0,32.2,0.95,-30.0,155,7.0,34.8,1.07,-21.0
BTCUSDm,04-06,RETEST48,2.5,24,294,-24.0,25.9,0.89,-46.0,209,3.0,28.7,1.02,-30.5,154,-0.5,27.9,1.0,-24.0
BTCUSDm,04-06,RETEST48,2.5,48,294,-21.0,26.5,0.9,-47.0,209,8.0,29.7,1.05,-25.5,154,3.5,29.2,1.03,-22.5
BTCUSDm,04-06,RETEST48,3.0,24,294,-34.0,21.1,0.85,-55.0,206,-1.0,24.3,0.99,-28.0,153,9.0,25.5,1.08,-15.0
BTCUSDm,04-06,RETEST48,3.0,48,294,-25.0,22.8,0.89,-51.0,206,6.0,25.7,1.04,-25.0,153,16.0,27.5,1.15,-17.0
BTCUSDm,04-06,VWAP,2.0,24,302,22.0,35.8,1.11,-22.0,171,16.0,36.3,1.15,-17.0,173,35.0,39.9,1.34,-12.0
BTCUSDm,04-06,VWAP,2.0,48,302,22.0,35.8,1.11,-22.0,171,15.0,36.3,1.14,-17.0,173,37.0,40.5,1.36,-12.0
BTCUSDm,04-06,VWAP,2.5,24,297,22.0,30.3,1.11,-18.5,165,21.5,32.1,1.19,-19.5,171,40.0,35.1,1.36,-17.5
BTCUSDm,04-06,VWAP,2.5,48,297,32.0,31.6,1.16,-17.0,165,20.5,32.1,1.18,-20.5,171,40.0,35.1,1.36,-17.5
BTCUSDm,04-06,VWAP,3.0,24,296,18.0,25.7,1.09,-19.0,164,10.0,26.2,1.08,-24.0,169,49.0,32.0,1.43,-16.0
BTCUSDm,04-06,VWAP,3.0,48,296,30.0,27.4,1.14,-20.0,164,8.0,26.2,1.07,-26.0,169,52.0,32.5,1.46,-16.0
BTCUSDm,04-06,RSI2,2.0,24,460,-27.0,31.3,0.91,-40.0,295,22.0,35.6,1.12,-19.0,243,-24.0,30.0,0.86,-34.0
BTCUSDm,04-06,RSI2,2.0,48,460,-28.0,31.3,0.91,-41.0,295,23.0,35.9,1.12,-19.0,243,-24.0,30.0,0.86,-34.0
BTCUSDm,04-06,RSI2,2.5,24,456,-31.0,26.3,0.91,-37.5,288,9.0,29.2,1.04,-17.5,237,-45.0,22.8,0.75,-50.0
BTCUSDm,04-06,RSI2,2.5,48,456,-32.5,26.5,0.9,-39.0,288,9.5,29.5,1.05,-15.0,237,-41.0,23.6,0.77,-46.5
BTCUSDm,04-06,RSI2,3.0,24,454,-21.0,23.3,0.94,-40.0,286,23.0,26.6,1.11,-16.0,236,-32.0,21.2,0.82,-46.0
BTCUSDm,04-06,RSI2,3.0,48,454,-18.0,24.0,0.95,-42.0,286,26.0,27.3,1.12,-17.0,236,-28.0,22.0,0.85,-43.0
BTCUSDm,06-08,BREAK24,2.0,24,551,-23.0,31.9,0.94,-59.0,306,-35.0,29.4,0.84,-47.0,258,24.0,36.4,1.15,-22.0
BTCUSDm,06-08,BREAK24,2.0,48,551,-23.0,31.9,0.94,-59.0,306,-36.0,29.4,0.83,-48.0,258,24.0,36.4,1.15,-22.0
BTCUSDm,06-08,BREAK24,2.5,24,532,-15.5,27.6,0.96,-71.5,295,-14.0,27.1,0.93,-35.0,251,33.5,32.3,1.2,-20.5
BTCUSDm,06-08,BREAK24,2.5,48,532,-17.5,27.6,0.95,-72.5,295,-15.0,27.1,0.93,-35.0,251,36.0,32.7,1.21,-20.5
BTCUSDm,06-08,BREAK24,3.0,24,522,-36.0,23.0,0.91,-95.0,285,-14.0,23.5,0.93,-30.0,244,29.0,27.9,1.17,-24.0
BTCUSDm,06-08,BREAK24,3.0,48,522,-42.0,23.0,0.9,-99.0,285,-12.0,23.9,0.94,-27.0,244,29.0,27.9,1.17,-24.0
BTCUSDm,06-08,BREAK48,2.0,24,364,-19.0,31.6,0.92,-40.0,193,-25.0,29.0,0.82,-32.0,181,14.0,35.9,1.12,-15.0
BTCUSDm,06-08,BREAK48,2.0,48,364,-19.0,31.6,0.92,-40.0,193,-25.0,29.0,0.82,-32.0,181,14.0,35.9,1.12,-15.0
BTCUSDm,06-08,BREAK48,2.5,24,353,0.5,28.6,1.0,-47.0,187,-19.0,25.7,0.86,-26.0,175,18.5,31.4,1.16,-15.5
BTCUSDm,06-08,BREAK48,2.5,48,353,0.5,28.6,1.0,-47.0,187,-19.0,25.7,0.86,-26.0,175,21.0,32.0,1.18,-15.5
BTCUSDm,06-08,BREAK48,3.0,24,345,-3.0,24.6,0.99,-57.0,184,-19.0,22.3,0.87,-26.0,172,2.0,25.0,1.02,-26.0
BTCUSDm,06-08,BREAK48,3.0,48,345,-1.0,24.9,1.0,-57.0,184,-16.0,22.8,0.89,-26.0,172,5.0,25.6,1.04,-23.0
BTCUSDm,06-08,MOMEMA,2.0,24,1135,32.0,34.2,1.04,-41.0,659,-7.0,32.9,0.98,-29.0,551,38.0,35.6,1.11,-24.0
BTCUSDm,06-08,MOMEMA,2.0,48,1135,35.0,34.4,1.05,-39.0,659,-8.0,32.9,0.98,-29.0,551,37.0,35.6,1.1,-25.0
BTCUSDm,06-08,MOMEMA,2.5,24,1064,23.5,29.0,1.03,-43.0,618,-1.0,28.5,1.0,-32.5,528,51.5,31.2,1.14,-20.5
BTCUSDm,06-08,MOMEMA,2.5,48,1064,25.5,29.2,1.03,-39.0,618,-2.0,28.5,1.0,-32.5,528,53.0,31.4,1.15,-21.5
BTCUSDm,06-08,MOMEMA,3.0,24,1008,-7.0,24.4,0.99,-75.0,593,-24.0,23.8,0.95,-40.0,499,42.0,26.9,1.12,-19.0
BTCUSDm,06-08,MOMEMA,3.0,48,1008,-2.0,24.9,1.0,-75.0,593,-20.0,24.1,0.96,-41.0,499,42.0,27.1,1.12,-21.0
BTCUSDm,06-08,EMACROSS,2.0,24,163,-22.0,28.8,0.81,-37.0,77,-17.0,26.0,0.7,-24.0,87,12.0,37.9,1.22,-14.0
BTCUSDm,06-08,EMACROSS,2.0,48,163,-22.0,28.8,0.81,-37.0,77,-17.0,26.0,0.7,-24.0,87,12.0,37.9,1.22,-14.0
BTCUSDm,06-08,EMACROSS,2.5,24,163,-22.0,24.5,0.82,-34.5,77,-10.5,24.7,0.82,-20.5,87,1.5,28.7,1.02,-23.0
BTCUSDm,06-08,EMACROSS,2.5,48,163,-23.0,24.5,0.81,-34.5,77,-10.5,24.7,0.82,-20.5,87,4.0,29.9,1.07,-23.0
BTCUSDm,06-08,EMACROSS,3.0,24,163,-13.0,22.7,0.9,-29.0,77,-13.0,20.8,0.79,-22.0,87,-2.0,24.1,0.97,-22.0
BTCUSDm,06-08,EMACROSS,3.0,48,163,-14.0,22.7,0.89,-29.0,77,-13.0,20.8,0.79,-22.0,87,1.0,25.3,1.02,-22.0
BTCUSDm,06-08,RETEST24,2.0,24,575,-22.0,32.0,0.94,-49.0,333,15.0,34.8,1.07,-24.0,270,-14.0,31.5,0.92,-33.0
BTCUSDm,06-08,RETEST24,2.0,48,575,-20.0,32.2,0.95,-49.0,333,15.0,34.8,1.07,-24.0,270,-12.0,31.9,0.93,-31.0
BTCUSDm,06-08,RETEST24,2.5,24,567,-16.0,27.5,0.96,-41.5,324,4.5,28.7,1.02,-22.5,268,-12.0,26.9,0.94,-45.0
BTCUSDm,06-08,RETEST24,2.5,48,567,-14.0,27.9,0.97,-40.5,324,5.0,29.0,1.02,-22.0,268,-9.0,27.6,0.95,-40.0
BTCUSDm,06-08,RETEST24,3.0,24,560,6.0,24.8,1.01,-40.0,317,16.0,25.9,1.07,-24.0,266,-12.0,23.3,0.94,-37.0
BTCUSDm,06-08,RETEST24,3.0,48,560,16.0,25.7,1.04,-34.0,317,19.0,26.5,1.08,-24.0,266,-6.0,24.4,0.97,-33.0
BTCUSDm,06-08,RETEST48,2.0,24,372,-32.0,30.4,0.88,-45.0,209,43.0,40.2,1.34,-17.0,180,-22.0,28.9,0.83,-24.0
BTCUSDm,06-08,RETEST48,2.0,48,372,-30.0,30.6,0.88,-45.0,209,43.0,40.2,1.34,-17.0,180,-21.0,29.4,0.83,-23.0
BTCUSDm,06-08,RETEST48,2.5,24,368,-41.0,25.0,0.85,-53.0,206,41.0,34.0,1.31,-14.5,180,-19.5,25.0,0.85,-25.5
BTCUSDm,06-08,RETEST48,2.5,48,368,-39.0,25.5,0.86,-52.5,206,42.5,34.5,1.31,-14.5,180,-19.0,25.6,0.86,-24.0
BTCUSDm,06-08,RETEST48,3.0,24,366,-42.0,21.6,0.85,-59.0,204,47.0,30.4,1.34,-12.0,179,-15.0,22.3,0.89,-23.0
BTCUSDm,06-08,RETEST48,3.0,48,366,-30.0,23.0,0.89,-52.0,204,52.0,31.4,1.37,-12.0,179,-15.0,22.9,0.89,-22.0
BTCUSDm,06-08,VWAP,2.0,24,294,-9.0,32.3,0.95,-26.0,153,-6.0,32.0,0.94,-26.0,136,22.0,38.2,1.27,-11.0
BTCUSDm,06-08,VWAP,2.0,48,294,-9.0,32.3,0.95,-26.0,153,-6.0,32.0,0.94,-26.0,136,23.0,39.0,1.28,-12.0
BTCUSDm,06-08,VWAP,2.5,24,287,0.0,28.6,1.0,-27.0,152,9.0,30.3,1.08,-23.0,135,19.5,31.9,1.22,-11.0
BTCUSDm,06-08,VWAP,2.5,48,287,0.0,28.6,1.0,-27.0,152,9.0,30.3,1.08,-23.0,135,26.0,34.1,1.29,-11.0
BTCUSDm,06-08,VWAP,3.0,24,280,10.0,25.7,1.05,-24.0,150,-4.0,24.0,0.96,-25.0,134,10.0,26.1,1.11,-24.0
BTCUSDm,06-08,VWAP,3.0,48,280,12.0,26.1,1.06,-25.0,150,-1.0,24.7,0.99,-25.0,134,18.0,28.4,1.19,-19.0
BTCUSDm,06-08,RSI2,2.0,24,577,-21.0,32.1,0.95,-54.0,308,2.0,33.4,1.01,-27.0,274,-18.0,31.0,0.9,-26.0
BTCUSDm,06-08,RSI2,2.0,48,577,-19.0,32.2,0.95,-54.0,308,4.0,33.8,1.02,-25.0,274,-19.0,31.0,0.9,-26.0
BTCUSDm,06-08,RSI2,2.5,24,565,-45.0,26.2,0.89,-56.5,303,-8.0,27.7,0.96,-28.0,270,-19.5,26.3,0.9,-25.0
BTCUSDm,06-08,RSI2,2.5,48,565,-43.5,26.4,0.9,-56.5,303,-5.5,28.1,0.97,-25.5,270,-18.0,26.7,0.91,-25.0
BTCUSDm,06-08,RSI2,3.0,24,556,-61.0,22.1,0.86,-67.0,300,-5.0,24.3,0.98,-27.0,266,-26.0,22.2,0.87,-35.0
BTCUSDm,06-08,RSI2,3.0,48,556,-56.0,22.5,0.87,-64.0,300,0.0,25.0,1.0,-24.0,266,-26.0,22.6,0.87,-35.0
BTCUSDm,08-10,BREAK24,2.0,24,524,-11.0,32.4,0.97,-74.0,327,-17.0,31.5,0.92,-35.0,252,31.0,37.3,1.2,-15.0
BTCUSDm,08-10,BREAK24,2.0,48,524,-11.0,32.6,0.97,-75.0,327,-15.0,31.8,0.93,-33.0,252,33.0,37.7,1.21,-15.0
BTCUSDm,08-10,BREAK24,2.5,24,507,10.5,29.0,1.03,-63.0,322,-32.0,25.5,0.86,-43.5,241,44.5,33.6,1.28,-11.0
BTCUSDm,08-10,BREAK24,2.5,48,507,11.0,29.2,1.03,-64.0,322,-24.5,26.4,0.9,-39.5,241,49.5,34.4,1.31,-10.0
BTCUSDm,08-10,BREAK24,3.0,24,491,3.0,24.8,1.01,-66.0,313,-16.0,23.3,0.93,-38.0,229,50.0,30.1,1.32,-12.0
BTCUSDm,08-10,BREAK24,3.0,48,491,10.0,25.5,1.03,-64.0,313,-9.0,24.3,0.96,-40.0,229,59.0,31.4,1.38,-12.0
BTCUSDm,08-10,BREAK48,2.0,24,356,-6.0,32.6,0.97,-45.0,213,-15.0,31.0,0.9,-21.0,162,16.0,36.4,1.16,-9.0
BTCUSDm,08-10,BREAK48,2.0,48,356,-5.0,32.9,0.98,-45.0,213,-15.0,31.0,0.9,-21.0,162,18.0,37.0,1.18,-9.0
BTCUSDm,08-10,BREAK48,2.5,24,347,8.5,29.1,1.03,-40.0,209,-20.0,25.8,0.87,-27.0,153,26.5,33.3,1.26,-10.5
BTCUSDm,08-10,BREAK48,2.5,48,347,10.0,29.4,1.04,-40.0,209,-20.0,25.8,0.87,-27.0,153,29.0,34.0,1.29,-10.5
BTCUSDm,08-10,BREAK48,3.0,24,336,3.0,25.0,1.01,-39.0,203,-5.0,24.1,0.97,-27.0,146,36.0,30.8,1.36,-11.0
BTCUSDm,08-10,BREAK48,3.0,48,336,5.0,25.3,1.02,-39.0,203,1.0,25.1,1.01,-27.0,146,42.0,32.2,1.42,-11.0
BTCUSDm,08-10,MOMEMA,2.0,24,1138,28.0,34.0,1.04,-36.0,689,-4.0,32.9,0.99,-58.0,564,77.0,37.8,1.22,-13.0
BTCUSDm,08-10,MOMEMA,2.0,48,1138,32.0,34.3,1.04,-35.0,689,1.0,33.4,1.0,-59.0,564,78.0,37.9,1.22,-13.0
BTCUSDm,08-10,MOMEMA,2.5,24,1088,14.5,28.6,1.02,-46.0,663,-0.5,28.2,1.0,-52.5,536,118.0,34.7,1.34,-14.0
BTCUSDm,08-10,MOMEMA,2.5,48,1088,32.0,29.4,1.04,-45.0,663,5.5,28.8,1.01,-50.0,536,115.0,34.7,1.33,-14.0
BTCUSDm,08-10,MOMEMA,3.0,24,1032,10.0,24.7,1.01,-51.0,629,4.0,24.5,1.01,-54.0,506,84.0,28.7,1.24,-17.0
BTCUSDm,08-10,MOMEMA,3.0,48,1032,37.0,25.9,1.05,-45.0,629,20.0,25.8,1.04,-50.0,506,98.0,29.8,1.28,-19.0
BTCUSDm,08-10,EMACROSS,2.0,24,146,-8.0,31.5,0.92,-21.0,91,17.0,39.6,1.31,-12.0,81,-11.0,28.4,0.81,-17.0
BTCUSDm,08-10,EMACROSS,2.0,48,146,-8.0,31.5,0.92,-21.0,91,17.0,39.6,1.31,-12.0,81,-12.0,28.4,0.79,-18.0
BTCUSDm,08-10,EMACROSS,2.5,24,146,-7.5,26.7,0.93,-17.5,91,21.0,35.2,1.36,-10.5,81,-13.5,23.5,0.78,-22.5
BTCUSDm,08-10,EMACROSS,2.5,48,146,-2.5,28.1,0.98,-15.0,91,21.0,35.2,1.36,-10.5,81,-14.5,23.5,0.77,-23.5
BTCUSDm,08-10,EMACROSS,3.0,24,146,-6.0,23.3,0.94,-16.0,91,34.0,34.1,1.58,-10.0,81,-7.0,22.2,0.89,-18.0
BTCUSDm,08-10,EMACROSS,3.0,48,146,-2.0,24.7,0.98,-14.0,91,37.0,35.2,1.63,-10.0,81,-5.0,23.5,0.92,-19.0
BTCUSDm,08-10,RETEST24,2.0,24,607,-16.0,32.5,0.96,-37.0,338,-35.0,29.9,0.85,-52.0,285,34.0,37.2,1.19,-14.0
BTCUSDm,08-10,RETEST24,2.0,48,607,-16.0,32.5,0.96,-37.0,338,-35.0,29.9,0.85,-52.0,285,36.0,37.5,1.2,-14.0
BTCUSDm,08-10,RETEST24,2.5,24,598,-22.0,27.4,0.95,-54.0,333,-44.0,24.6,0.82,-64.5,279,-4.5,27.6,0.98,-25.0
BTCUSDm,08-10,RETEST24,2.5,48,598,-24.0,27.4,0.94,-56.0,333,-42.5,24.9,0.83,-63.0,279,-2.5,28.3,0.99,-22.0
BTCUSDm,08-10,RETEST24,3.0,24,593,-45.0,22.6,0.9,-75.0,332,-30.0,22.3,0.88,-67.0,278,-2.0,24.1,0.99,-25.0
BTCUSDm,08-10,RETEST24,3.0,48,593,-44.0,23.1,0.9,-77.0,332,-20.0,23.5,0.92,-56.0,278,-2.0,24.8,0.99,-27.0
BTCUSDm,08-10,RETEST48,2.0,24,420,-18.0,31.9,0.94,-34.0,232,-4.0,32.8,0.97,-19.0,167,22.0,37.7,1.21,-14.0
BTCUSDm,08-10,RETEST48,2.0,48,420,-18.0,31.9,0.94,-34.0,232,-4.0,32.8,0.97,-19.0,167,22.0,37.7,1.21,-14.0
BTCUSDm,08-10,RETEST48,2.5,24,417,-22.0,26.9,0.93,-37.5,228,-19.5,25.9,0.88,-36.5,166,-1.0,27.7,0.99,-13.5
BTCUSDm,08-10,RETEST48,2.5,48,417,-21.5,27.1,0.93,-39.5,228,-18.0,26.3,0.89,-35.0,166,2.0,28.9,1.02,-13.5
BTCUSDm,08-10,RETEST48,3.0,24,415,-55.0,21.0,0.83,-61.0,227,-15.0,22.9,0.91,-41.0,165,-2.0,23.6,0.98,-23.0
BTCUSDm,08-10,RETEST48,3.0,48,415,-50.0,21.9,0.85,-64.0,227,-11.0,23.8,0.94,-39.0,165,-1.0,24.8,0.99,-23.0
BTCUSDm,08-10,VWAP,2.0,24,230,-1.0,33.0,0.99,-31.0,161,-8.0,31.1,0.93,-14.0,129,15.0,37.2,1.19,-13.0
BTCUSDm,08-10,VWAP,2.0,48,230,1.0,33.5,1.01,-31.0,161,-2.0,32.9,0.98,-11.0,129,15.0,37.2,1.19,-13.0
BTCUSDm,08-10,VWAP,2.5,24,227,-3.5,27.8,0.98,-31.0,158,0.0,27.8,1.0,-12.5,125,8.0,30.4,1.09,-17.0
BTCUSDm,08-10,VWAP,2.5,48,227,0.5,28.6,1.0,-31.0,158,6.5,29.7,1.06,-9.0,125,8.0,30.4,1.09,-17.0
BTCUSDm,08-10,VWAP,3.0,24,224,-7.0,23.7,0.96,-28.0,156,2.0,24.4,1.02,-17.0,122,3.0,25.4,1.03,-17.0
BTCUSDm,08-10,VWAP,3.0,48,224,4.0,25.4,1.02,-27.0,156,8.0,26.3,1.07,-14.0,122,6.0,26.2,1.07,-17.0
BTCUSDm,08-10,RSI2,2.0,24,536,-23.0,31.9,0.94,-45.0,329,-5.0,32.8,0.98,-29.0,257,-13.0,31.5,0.93,-28.0
BTCUSDm,08-10,RSI2,2.0,48,536,-23.0,31.9,0.94,-45.0,329,-5.0,32.8,0.98,-29.0,257,-14.0,31.5,0.92,-28.0
BTCUSDm,08-10,RSI2,2.5,24,525,-44.0,25.9,0.89,-67.0,320,-25.5,25.9,0.89,-45.0,255,-9.0,27.5,0.95,-24.5
BTCUSDm,08-10,RSI2,2.5,48,525,-45.5,26.1,0.88,-70.0,320,-19.0,26.9,0.92,-42.5,255,-10.0,27.5,0.95,-24.5
BTCUSDm,08-10,RSI2,3.0,24,519,-25.0,23.5,0.94,-51.0,315,-24.0,22.5,0.9,-49.0,253,-11.0,23.3,0.94,-24.0
BTCUSDm,08-10,RSI2,3.0,48,519,-27.0,23.7,0.93,-55.0,315,-19.0,23.5,0.92,-49.0,253,-9.0,24.1,0.95,-22.0
BTCUSDm,10-12,BREAK24,2.0,24,474,-42.0,30.4,0.87,-53.0,274,2.0,33.6,1.01,-17.0,235,-6.0,32.3,0.96,-29.0
BTCUSDm,10-12,BREAK24,2.0,48,474,-42.0,30.4,0.87,-53.0,274,2.0,33.6,1.01,-17.0,235,-7.0,32.3,0.96,-29.0
BTCUSDm,10-12,BREAK24,2.5,24,459,-41.5,25.9,0.88,-54.0,266,-3.5,28.2,0.98,-18.5,227,-1.0,28.2,0.99,-33.0
BTCUSDm,10-12,BREAK24,2.5,48,459,-42.5,25.9,0.88,-54.0,266,-3.5,28.2,0.98,-18.5,227,0.5,28.6,1.0,-30.5
BTCUSDm,10-12,BREAK24,3.0,24,445,-14.0,24.0,0.96,-42.0,259,-26.0,22.4,0.87,-28.0,222,12.0,26.1,1.07,-31.0
BTCUSDm,10-12,BREAK24,3.0,48,445,-13.0,24.3,0.96,-42.0,259,-27.0,22.4,0.87,-29.0,222,14.0,26.6,1.09,-28.0
BTCUSDm,10-12,BREAK48,2.0,24,319,-22.0,31.0,0.9,-37.0,158,10.0,35.4,1.1,-10.0,156,-21.0,28.8,0.81,-23.0
BTCUSDm,10-12,BREAK48,2.0,48,319,-22.0,31.0,0.9,-37.0,158,10.0,35.4,1.1,-10.0,156,-21.0,28.8,0.81,-23.0
BTCUSDm,10-12,BREAK48,2.5,24,310,-23.0,26.5,0.9,-32.0,152,12.5,30.9,1.12,-11.5,152,-14.5,25.7,0.87,-25.0
BTCUSDm,10-12,BREAK48,2.5,48,310,-23.0,26.5,0.9,-32.0,152,12.5,30.9,1.12,-11.5,152,-12.0,26.3,0.89,-22.5
BTCUSDm,10-12,BREAK48,3.0,24,303,-17.0,23.4,0.93,-40.0,148,9.0,26.4,1.08,-15.0,148,-19.0,21.6,0.83,-32.0
BTCUSDm,10-12,BREAK48,3.0,48,303,-11.0,24.1,0.95,-37.0,148,8.0,26.4,1.07,-15.0,148,-16.0,22.3,0.86,-29.0
BTCUSDm,10-12,MOMEMA,2.0,24,1089,-57.0,31.6,0.92,-70.0,642,-50.0,30.7,0.89,-58.0,549,11.0,33.9,1.03,-46.0
BTCUSDm,10-12,MOMEMA,2.0,48,1089,-57.0,31.6,0.92,-70.0,642,-51.0,30.7,0.89,-59.0,549,9.0,33.9,1.02,-46.0
BTCUSDm,10-12,MOMEMA,2.5,24,1030,-17.0,28.0,0.98,-58.0,611,-36.5,26.7,0.92,-58.5,518,21.5,29.5,1.06,-42.0
BTCUSDm,10-12,MOMEMA,2.5,48,1030,-18.5,28.1,0.98,-59.5,611,-37.0,26.8,0.92,-59.0,518,24.5,29.9,1.07,-42.0
BTCUSDm,10-12,MOMEMA,3.0,24,974,-42.0,23.5,0.94,-66.0,595,-57.0,22.4,0.88,-77.0,505,38.0,26.5,1.1,-43.0
BTCUSDm,10-12,MOMEMA,3.0,48,974,-38.0,24.0,0.95,-65.0,595,-59.0,22.5,0.87,-78.0,505,47.0,27.3,1.13,-41.0
BTCUSDm,10-12,EMACROSS,2.0,24,167,-35.0,26.3,0.72,-48.0,92,16.0,39.1,1.29,-10.0,74,10.0,37.8,1.22,-10.0
BTCUSDm,10-12,EMACROSS,2.0,48,167,-35.0,26.3,0.72,-48.0,92,16.0,39.1,1.29,-10.0,74,10.0,37.8,1.22,-10.0
BTCUSDm,10-12,EMACROSS,2.5,24,167,-47.0,20.4,0.64,-59.5,92,16.5,33.7,1.27,-11.0,74,4.0,29.7,1.08,-10.5
BTCUSDm,10-12,EMACROSS,2.5,48,167,-44.5,21.0,0.66,-57.0,92,16.5,33.7,1.27,-11.0,74,6.5,31.1,1.13,-10.5
BTCUSDm,10-12,EMACROSS,3.0,24,167,-59.0,15.6,0.57,-62.0,92,13.0,28.3,1.2,-13.0,74,7.0,27.0,1.13,-12.0
BTCUSDm,10-12,EMACROSS,3.0,48,167,-55.0,16.8,0.6,-58.0,92,16.0,29.3,1.25,-13.0,74,10.0,28.4,1.19,-12.0
BTCUSDm,10-12,RETEST24,2.0,24,584,-58.0,30.0,0.86,-76.0,324,-24.0,30.9,0.89,-40.0,275,-47.0,27.6,0.76,-55.0
BTCUSDm,10-12,RETEST24,2.0,48,584,-56.0,30.1,0.86,-76.0,324,-24.0,30.9,0.89,-40.0,275,-47.0,27.6,0.76,-55.0
BTCUSDm,10-12,RETEST24,2.5,24,578,-38.0,26.6,0.91,-60.5,317,-46.5,24.3,0.81,-56.0,270,-54.5,22.6,0.74,-64.0
BTCUSDm,10-12,RETEST24,2.5,48,578,-39.0,26.6,0.91,-60.5,317,-47.5,24.3,0.8,-57.0,270,-56.5,22.6,0.73,-66.0
BTCUSDm,10-12,RETEST24,3.0,24,573,-58.0,22.3,0.87,-66.0,312,-42.0,21.2,0.82,-44.0,268,-54.0,19.8,0.75,-64.0
BTCUSDm,10-12,RETEST24,3.0,48,573,-57.0,22.5,0.87,-65.0,312,-39.0,21.8,0.84,-44.0,268,-56.0,19.8,0.74,-66.0
BTCUSDm,10-12,RETEST48,2.0,24,386,-22.0,31.3,0.92,-52.0,207,-42.0,26.6,0.72,-48.0,171,-30.0,27.5,0.76,-39.0
BTCUSDm,10-12,RETEST48,2.0,48,386,-20.0,31.6,0.92,-52.0,207,-42.0,26.6,0.72,-48.0,171,-30.0,27.5,0.76,-39.0
BTCUSDm,10-12,RETEST48,2.5,24,385,-13.0,27.5,0.95,-50.0,205,-58.0,20.5,0.64,-61.0,169,-30.5,23.1,0.76,-47.5
BTCUSDm,10-12,RETEST48,2.5,48,385,-14.0,27.5,0.95,-50.0,205,-58.0,20.5,0.64,-61.0,169,-32.5,23.1,0.75,-49.5
BTCUSDm,10-12,RETEST48,3.0,24,384,-10.0,24.2,0.97,-45.0,204,-60.0,17.2,0.64,-60.0,169,-31.0,20.1,0.77,-48.0
BTCUSDm,10-12,RETEST48,3.0,48,384,-12.0,24.2,0.96,-45.0,204,-55.0,18.1,0.67,-56.0,169,-33.0,20.1,0.76,-50.0
BTCUSDm,10-12,VWAP,2.0,24,209,-37.0,27.3,0.75,-46.0,115,-7.0,31.3,0.91,-18.0,109,9.0,35.8,1.13,-14.0
BTCUSDm,10-12,VWAP,2.0,48,209,-35.0,27.8,0.77,-46.0,115,-7.0,31.3,0.91,-18.0,109,8.0,35.8,1.11,-15.0
BTCUSDm,10-12,VWAP,2.5,24,204,-38.5,23.0,0.75,-49.0,115,-19.5,23.5,0.78,-27.5,107,11.5,30.8,1.16,-17.0
BTCUSDm,10-12,VWAP,2.5,48,204,-36.0,23.5,0.77,-49.0,115,-17.0,24.3,0.8,-25.0,107,15.5,32.7,1.22,-15.5
BTCUSDm,10-12,VWAP,3.0,24,203,-42.0,19.2,0.74,-53.0,114,-26.0,18.4,0.71,-27.0,107,25.0,29.9,1.35,-15.0
BTCUSDm,10-12,VWAP,3.0,48,203,-35.0,20.7,0.78,-51.0,114,-22.0,20.2,0.76,-25.0,107,29.0,31.8,1.4,-12.0
BTCUSDm,10-12,RSI2,2.0,24,498,6.0,33.7,1.02,-33.0,276,-2.0,33.0,0.99,-20.0,238,-4.0,32.8,0.98,-20.0
BTCUSDm,10-12,RSI2,2.0,48,498,6.0,33.7,1.02,-33.0,276,0.0,33.3,1.0,-20.0,238,-4.0,32.8,0.98,-20.0
BTCUSDm,10-12,RSI2,2.5,24,491,14.0,29.3,1.04,-35.0,273,18.5,30.4,1.1,-15.0,235,-10.0,27.2,0.94,-30.5
BTCUSDm,10-12,RSI2,2.5,48,491,13.0,29.3,1.04,-35.0,273,17.5,30.4,1.09,-15.0,235,-11.0,27.2,0.94,-31.5
BTCUSDm,10-12,RSI2,3.0,24,482,-5.0,24.5,0.99,-43.0,270,10.0,25.6,1.05,-17.0,233,1.0,24.9,1.01,-25.0
BTCUSDm,10-12,RSI2,3.0,48,482,-2.0,24.9,0.99,-43.0,270,10.0,25.9,1.05,-17.0,233,3.0,25.3,1.02,-25.0
BTCUSDm,12-14,BREAK24,2.0,24,674,-44.0,31.2,0.91,-50.0,369,-66.0,27.4,0.75,-70.0,379,14.0,34.6,1.06,-19.0
BTCUSDm,12-14,BREAK24,2.0,48,674,-44.0,31.2,0.91,-50.0,369,-66.0,27.4,0.75,-70.0,379,14.0,34.6,1.06,-19.0
BTCUSDm,12-14,BREAK24,2.5,24,659,-50.0,26.4,0.9,-61.5,362,-85.5,21.8,0.7,-91.5,363,4.5,28.9,1.02,-21.0
BTCUSDm,12-14,BREAK24,2.5,48,659,-50.0,26.4,0.9,-61.5,362,-85.5,21.8,0.7,-91.5,363,4.5,28.9,1.02,-21.0
BTCUSDm,12-14,BREAK24,3.0,24,647,-75.0,22.1,0.85,-94.0,356,-68.0,20.2,0.76,-81.0,356,16.0,26.1,1.06,-24.0
BTCUSDm,12-14,BREAK24,3.0,48,647,-75.0,22.1,0.85,-94.0,356,-68.0,20.2,0.76,-81.0,356,16.0,26.1,1.06,-24.0
BTCUSDm,12-14,BREAK48,2.0,24,483,-45.0,30.2,0.87,-60.0,256,-43.0,27.7,0.77,-48.0,268,29.0,36.9,1.17,-21.0
BTCUSDm,12-14,BREAK48,2.0,48,483,-45.0,30.2,0.87,-60.0,256,-43.0,27.7,0.77,-48.0,268,29.0,36.9,1.17,-21.0
BTCUSDm,12-14,BREAK48,2.5,24,475,-55.0,25.3,0.85,-65.5,251,-51.5,22.7,0.73,-58.0,256,6.5,29.3,1.04,-27.0
BTCUSDm,12-14,BREAK48,2.5,48,475,-55.0,25.3,0.85,-65.5,251,-51.5,22.7,0.73,-58.0,256,6.5,29.3,1.04,-27.0
BTCUSDm,12-14,BREAK48,3.0,24,467,-59.0,21.8,0.84,-74.0,249,-52.0,19.7,0.74,-67.0,255,13.0,26.3,1.07,-26.0
BTCUSDm,12-14,BREAK48,3.0,48,467,-59.0,21.8,0.84,-74.0,249,-53.0,19.7,0.74,-68.0,255,13.0,26.3,1.07,-26.0
BTCUSDm,12-14,MOMEMA,2.0,24,1325,-56.0,31.9,0.94,-74.0,779,-137.0,27.5,0.76,-147.0,684,69.0,36.7,1.16,-36.0
BTCUSDm,12-14,MOMEMA,2.0,48,1325,-56.0,31.9,0.94,-74.0,779,-137.0,27.5,0.76,-147.0,684,69.0,36.7,1.16,-36.0
BTCUSDm,12-14,MOMEMA,2.5,24,1261,-74.5,26.9,0.92,-85.0,756,-171.5,22.1,0.71,-181.5,651,112.0,33.5,1.26,-22.5
BTCUSDm,12-14,MOMEMA,2.5,48,1261,-74.5,26.9,0.92,-85.0,756,-171.5,22.1,0.71,-181.5,651,112.0,33.5,1.26,-22.5
BTCUSDm,12-14,MOMEMA,3.0,24,1222,-48.0,24.0,0.95,-84.0,731,-171.0,19.2,0.71,-186.0,621,129.0,30.1,1.3,-19.0
BTCUSDm,12-14,MOMEMA,3.0,48,1222,-46.0,24.1,0.95,-85.0,731,-171.0,19.2,0.71,-186.0,621,131.0,30.3,1.3,-19.0
BTCUSDm,12-14,EMACROSS,2.0,24,157,17.0,36.9,1.17,-20.0,116,-26.0,25.9,0.7,-33.0,102,9.0,36.3,1.14,-7.0
BTCUSDm,12-14,EMACROSS,2.0,48,157,17.0,36.9,1.17,-20.0,116,-26.0,25.9,0.7,-33.0,102,9.0,36.3,1.14,-7.0
BTCUSDm,12-14,EMACROSS,2.5,24,157,14.5,31.2,1.13,-18.5,116,-35.5,19.8,0.62,-41.5,102,13.5,32.4,1.2,-10.0
BTCUSDm,12-14,EMACROSS,2.5,48,157,14.5,31.2,1.13,-18.5,116,-35.5,19.8,0.62,-41.5,102,13.5,32.4,1.2,-10.0
BTCUSDm,12-14,EMACROSS,3.0,24,157,19.0,28.0,1.17,-19.0,116,-28.0,19.0,0.7,-34.0,102,15.0,28.4,1.21,-10.0
BTCUSDm,12-14,EMACROSS,3.0,48,157,19.0,28.0,1.17,-19.0,116,-28.0,19.0,0.7,-34.0,102,18.0,29.4,1.25,-10.0
BTCUSDm,12-14,RETEST24,2.0,24,725,-35.0,31.7,0.93,-60.0,391,41.0,36.8,1.17,-19.0,401,-38.0,30.2,0.86,-51.0
BTCUSDm,12-14,RETEST24,2.0,48,725,-35.0,31.7,0.93,-60.0,391,41.0,36.8,1.17,-19.0,401,-38.0,30.2,0.86,-51.0
BTCUSDm,12-14,RETEST24,2.5,24,715,-15.0,28.0,0.97,-60.0,383,48.5,32.1,1.19,-18.0,396,-52.0,24.7,0.82,-72.5
BTCUSDm,12-14,RETEST24,2.5,48,715,-15.0,28.0,0.97,-60.0,383,47.5,32.1,1.18,-18.0,396,-53.0,24.7,0.82,-73.5
BTCUSDm,12-14,RETEST24,3.0,24,702,-5.0,24.8,0.99,-59.0,377,41.0,27.6,1.15,-20.0,389,-54.0,21.3,0.82,-73.0
BTCUSDm,12-14,RETEST24,3.0,48,702,-6.0,24.8,0.99,-60.0,377,43.0,27.9,1.16,-20.0,389,-49.0,21.9,0.84,-71.0
BTCUSDm,12-14,RETEST48,2.0,24,535,-19.0,32.1,0.95,-46.0,271,26.0,36.5,1.15,-20.0,293,-38.0,29.0,0.82,-47.0
BTCUSDm,12-14,RETEST48,2.0,48,535,-19.0,32.1,0.95,-46.0,271,26.0,36.5,1.15,-20.0,293,-38.0,29.0,0.82,-47.0
BTCUSDm,12-14,RETEST48,2.5,24,528,-3.0,28.4,0.99,-43.5,270,39.0,32.6,1.22,-20.5,291,-55.5,23.0,0.75,-70.0
BTCUSDm,12-14,RETEST48,2.5,48,528,-3.0,28.4,0.99,-43.5,270,38.0,32.6,1.21,-20.5,291,-56.5,23.0,0.75,-71.0
BTCUSDm,12-14,RETEST48,3.0,24,524,17.0,25.8,1.04,-44.0,268,50.0,29.5,1.27,-18.0,291,-53.0,20.3,0.77,-63.0
BTCUSDm,12-14,RETEST48,3.0,48,524,16.0,25.8,1.04,-44.0,268,52.0,29.9,1.28,-18.0,291,-51.0,20.6,0.78,-64.0
BTCUSDm,12-14,VWAP,2.0,24,320,-2.0,33.1,0.99,-20.0,184,-13.0,31.0,0.9,-27.0,142,-13.0,30.3,0.87,-29.0
BTCUSDm,12-14,VWAP,2.0,48,320,-2.0,33.1,0.99,-20.0,184,-13.0,31.0,0.9,-27.0,142,-13.0,30.3,0.87,-29.0
BTCUSDm,12-14,VWAP,2.5,24,313,-4.0,28.1,0.98,-28.0,180,-26.0,24.4,0.81,-42.0,139,-13.0,25.9,0.87,-32.5
BTCUSDm,12-14,VWAP,2.5,48,313,-1.5,28.4,0.99,-28.0,180,-26.0,24.4,0.81,-42.0,139,-13.0,25.9,0.87,-32.5
BTCUSDm,12-14,VWAP,3.0,24,308,10.0,25.6,1.04,-27.0,178,-22.0,21.9,0.84,-41.0,138,-10.0,23.2,0.91,-27.0
BTCUSDm,12-14,VWAP,3.0,48,308,13.0,26.0,1.06,-27.0,178,-22.0,21.9,0.84,-41.0,138,-10.0,23.2,0.91,-27.0
BTCUSDm,12-14,RSI2,2.0,24,683,25.0,34.6,1.06,-39.0,384,69.0,39.3,1.3,-19.0,391,26.0,35.5,1.1,-23.0
BTCUSDm,12-14,RSI2,2.0,48,683,25.0,34.6,1.06,-39.0,384,69.0,39.3,1.3,-19.0,391,26.0,35.5,1.1,-23.0
BTCUSDm,12-14,RSI2,2.5,24,671,22.0,29.5,1.05,-36.0,376,72.0,34.0,1.29,-20.5,385,25.5,30.4,1.1,-23.0
BTCUSDm,12-14,RSI2,2.5,48,671,22.0,29.5,1.05,-36.0,376,72.0,34.0,1.29,-20.5,385,28.0,30.6,1.1,-23.0
BTCUSDm,12-14,RSI2,3.0,24,663,62.0,27.3,1.13,-31.0,368,92.0,31.0,1.37,-20.0,381,29.0,26.8,1.1,-20.0
BTCUSDm,12-14,RSI2,3.0,48,663,61.0,27.3,1.13,-31.0,368,100.0,31.8,1.4,-20.0,381,35.0,27.3,1.13,-20.0
BTCUSDm,14-16,BREAK24,2.0,24,611,-47.0,30.8,0.89,-77.0,350,13.0,34.6,1.06,-20.0,273,-11.0,31.9,0.94,-24.0
BTCUSDm,14-16,BREAK24,2.0,48,611,-47.0,30.8,0.89,-77.0,350,13.0,34.6,1.06,-20.0,273,-9.0,32.2,0.95,-22.0
BTCUSDm,14-16,BREAK24,2.5,24,593,-28.5,27.2,0.93,-60.0,336,44.0,32.1,1.19,-15.0,265,2.0,28.7,1.01,-21.5
BTCUSDm,14-16,BREAK24,2.5,48,593,-26.0,27.3,0.94,-60.0,336,45.5,32.4,1.2,-16.0,265,2.0,28.7,1.01,-21.5
BTCUSDm,14-16,BREAK24,3.0,24,574,-28.0,23.5,0.94,-56.0,324,56.0,29.0,1.25,-15.0,258,-9.0,23.6,0.95,-23.0
BTCUSDm,14-16,BREAK24,3.0,48,574,-21.0,24.0,0.95,-55.0,324,61.0,29.6,1.27,-13.0,258,-8.0,24.0,0.96,-21.0
BTCUSDm,14-16,BREAK48,2.0,24,514,-52.0,30.0,0.86,-65.0,300,0.0,33.3,1.0,-22.0,222,-2.0,32.9,0.99,-26.0
BTCUSDm,14-16,BREAK48,2.0,48,514,-52.0,30.0,0.86,-65.0,300,0.0,33.3,1.0,-22.0,222,0.0,33.3,1.0,-26.0
BTCUSDm,14-16,BREAK48,2.5,24,499,-46.5,25.9,0.87,-53.5,287,23.0,30.7,1.12,-22.5,216,2.0,28.7,1.01,-20.5
BTCUSDm,14-16,BREAK48,2.5,48,499,-44.0,26.1,0.88,-53.5,287,24.5,31.0,1.12,-22.5,216,2.0,28.7,1.01,-20.5
BTCUSDm,14-16,BREAK48,3.0,24,483,-45.0,22.4,0.88,-52.0,277,31.0,27.4,1.16,-18.0,210,-1.0,24.3,0.99,-24.0
BTCUSDm,14-16,BREAK48,3.0,48,483,-41.0,22.8,0.89,-54.0,277,36.0,28.2,1.18,-18.0,210,-3.0,24.3,0.98,-25.0
BTCUSDm,14-16,MOMEMA,2.0,24,1226,59.0,34.8,1.07,-23.0,742,-22.0,32.3,0.96,-40.0,585,8.0,33.5,1.02,-25.0
BTCUSDm,14-16,MOMEMA,2.0,48,1226,61.0,35.0,1.08,-24.0,742,-22.0,32.3,0.96,-40.0,585,18.0,34.4,1.05,-23.0
BTCUSDm,14-16,MOMEMA,2.5,24,1166,82.0,30.4,1.1,-29.5,704,-5.0,28.1,0.99,-31.0,559,39.0,30.1,1.1,-18.0
BTCUSDm,14-16,MOMEMA,2.5,48,1166,83.5,30.6,1.1,-30.5,704,3.0,28.7,1.01,-31.0,559,59.0,31.5,1.15,-17.5
BTCUSDm,14-16,MOMEMA,3.0,24,1106,63.0,25.9,1.08,-37.0,682,9.0,24.9,1.02,-34.0,530,27.0,25.5,1.07,-25.0
BTCUSDm,14-16,MOMEMA,3.0,48,1106,82.0,26.8,1.1,-35.0,682,20.0,25.7,1.04,-28.0,530,49.0,27.2,1.13,-27.0
BTCUSDm,14-16,EMACROSS,2.0,24,204,-29.0,28.4,0.8,-31.0,123,-24.0,26.8,0.73,-30.0,84,33.0,46.4,1.73,-7.0
BTCUSDm,14-16,EMACROSS,2.0,48,204,-30.0,28.4,0.79,-32.0,123,-24.0,26.8,0.73,-30.0,84,33.0,46.4,1.73,-7.0
BTCUSDm,14-16,EMACROSS,2.5,24,204,-29.5,24.0,0.81,-37.0,123,-19.5,23.6,0.79,-28.5,84,28.0,38.1,1.54,-7.0
BTCUSDm,14-16,EMACROSS,2.5,48,204,-32.5,24.0,0.79,-40.0,123,-18.0,24.4,0.81,-26.0,84,28.0,38.1,1.54,-7.0
BTCUSDm,14-16,EMACROSS,3.0,24,204,-24.0,21.6,0.85,-38.0,123,-9.0,22.8,0.9,-23.0,84,29.0,33.3,1.53,-7.0
BTCUSDm,14-16,EMACROSS,3.0,48,204,-27.0,21.6,0.83,-41.0,123,-10.0,22.8,0.89,-23.0,84,28.0,33.3,1.5,-7.0
BTCUSDm,14-16,RETEST24,2.0,24,667,26.0,34.5,1.06,-25.0,403,-6.0,32.8,0.98,-19.0,313,-38.0,29.1,0.83,-56.0
BTCUSDm,14-16,RETEST24,2.0,48,667,26.0,34.6,1.06,-24.0,403,-4.0,33.0,0.99,-17.0,313,-37.0,29.4,0.83,-57.0
BTCUSDm,14-16,RETEST24,2.5,24,658,14.5,28.7,1.03,-37.5,399,-9.0,27.6,0.97,-32.0,312,-30.5,25.3,0.87,-46.5
BTCUSDm,14-16,RETEST24,2.5,48,658,8.0,28.9,1.02,-38.5,399,-2.5,28.3,0.99,-30.5,312,-27.5,26.0,0.88,-43.5
BTCUSDm,14-16,RETEST24,3.0,24,654,-19.0,23.2,0.96,-45.0,394,3.0,24.6,1.01,-25.0,307,-39.0,20.5,0.83,-59.0
BTCUSDm,14-16,RETEST24,3.0,48,654,0.0,24.9,1.0,-40.0,394,12.0,25.6,1.04,-21.0,307,-16.0,23.5,0.93,-40.0
BTCUSDm,14-16,RETEST48,2.0,24,577,-4.0,32.9,0.99,-29.0,349,6.0,33.8,1.03,-21.0,265,-20.0,30.6,0.89,-49.0
BTCUSDm,14-16,RETEST48,2.0,48,577,-4.0,33.1,0.99,-28.0,349,8.0,34.1,1.03,-19.0,265,-19.0,30.9,0.9,-49.0
BTCUSDm,14-16,RETEST48,2.5,24,573,-4.5,27.7,0.99,-30.0,347,4.5,28.5,1.02,-21.0,264,-20.0,25.8,0.89,-49.0
BTCUSDm,14-16,RETEST48,2.5,48,573,-12.0,27.9,0.97,-33.0,347,11.0,29.4,1.05,-19.5,264,-14.5,26.9,0.92,-44.0
BTCUSDm,14-16,RETEST48,3.0,24,570,-44.0,21.9,0.89,-63.0,342,11.0,25.1,1.04,-26.0,261,-33.0,20.3,0.83,-56.0
BTCUSDm,14-16,RETEST48,3.0,48,570,-32.0,23.5,0.93,-53.0,342,20.0,26.3,1.08,-21.0,261,-6.0,24.1,0.97,-42.0
BTCUSDm,14-16,VWAP,2.0,24,292,29.0,36.3,1.16,-18.0,163,-1.0,33.1,0.99,-28.0,127,11.0,36.2,1.14,-9.0
BTCUSDm,14-16,VWAP,2.0,48,292,32.0,37.0,1.17,-17.0,163,-1.0,33.1,0.99,-28.0,127,11.0,36.2,1.14,-9.0
BTCUSDm,14-16,VWAP,2.5,24,288,31.0,31.2,1.16,-18.0,161,11.5,30.4,1.1,-16.5,125,11.5,31.2,1.13,-9.5
BTCUSDm,14-16,VWAP,2.5,48,288,37.5,32.3,1.19,-18.0,161,14.0,31.1,1.13,-16.5,125,11.5,31.2,1.13,-9.5
BTCUSDm,14-16,VWAP,3.0,24,285,23.0,26.3,1.11,-26.0,160,15.0,26.9,1.13,-14.0,120,6.0,25.8,1.07,-13.0
BTCUSDm,14-16,VWAP,3.0,48,285,39.0,28.4,1.19,-24.0,160,16.0,27.5,1.14,-16.0,120,12.0,27.5,1.14,-12.0
BTCUSDm,14-16,RSI2,2.0,24,617,-42.0,31.0,0.9,-54.0,363,-29.0,30.3,0.88,-38.0,281,-1.0,33.1,0.99,-21.0
BTCUSDm,14-16,RSI2,2.0,48,617,-41.0,31.1,0.9,-52.0,363,-24.0,31.1,0.9,-33.0,281,-2.0,33.1,0.99,-21.0
BTCUSDm,14-16,RSI2,2.5,24,611,-21.0,27.2,0.95,-43.0,358,-29.0,25.7,0.89,-40.5,277,-2.5,27.8,0.99,-28.0
BTCUSDm,14-16,RSI2,2.5,48,611,-22.0,27.5,0.95,-45.0,358,-23.5,26.5,0.91,-35.0,277,4.0,28.9,1.02,-24.0
BTCUSDm,14-16,RSI2,3.0,24,600,-35.0,22.8,0.92,-57.0,354,-24.0,22.6,0.91,-42.0,274,0.0,24.1,1.0,-31.0
BTCUSDm,14-16,RSI2,3.0,48,600,-27.0,23.7,0.94,-56.0,354,-11.0,24.0,0.96,-32.0,274,9.0,25.5,1.04,-26.0
BTCUSDm,16-18,BREAK24,2.0,24,440,3.0,33.2,1.01,-25.0,268,8.0,34.0,1.05,-19.0,212,-32.0,28.3,0.79,-41.0
BTCUSDm,16-18,BREAK24,2.0,48,440,10.0,34.1,1.03,-21.0,268,14.0,35.1,1.08,-18.0,212,-32.0,28.3,0.79,-41.0
BTCUSDm,16-18,BREAK24,2.5,24,417,47.0,31.2,1.17,-25.5,261,-10.0,26.8,0.95,-27.0,203,-39.0,22.7,0.75,-57.0
BTCUSDm,16-18,BREAK24,2.5,48,417,62.5,32.9,1.22,-25.5,261,-2.0,28.4,0.99,-24.5,203,-35.0,23.6,0.77,-55.5
BTCUSDm,16-18,BREAK24,3.0,24,406,59.0,28.1,1.21,-29.0,255,-27.0,21.2,0.86,-37.0,197,-35.0,19.8,0.77,-58.0
BTCUSDm,16-18,BREAK24,3.0,48,406,72.0,29.3,1.25,-29.0,255,-10.0,23.9,0.95,-27.0,197,-28.0,21.3,0.82,-57.0
BTCUSDm,16-18,BREAK48,2.0,24,271,-11.0,31.7,0.94,-30.0,181,-6.0,32.0,0.95,-19.0,139,-39.0,23.7,0.63,-48.0
BTCUSDm,16-18,BREAK48,2.0,48,271,-7.0,32.5,0.96,-28.0,181,-4.0,32.6,0.97,-19.0,139,-40.0,23.7,0.62,-49.0
BTCUSDm,16-18,BREAK48,2.5,24,257,10.5,29.2,1.06,-19.5,175,-25.0,24.0,0.81,-31.0,134,-44.5,18.7,0.58,-59.5
BTCUSDm,16-18,BREAK48,2.5,48,257,23.0,31.1,1.13,-19.0,175,-24.5,24.6,0.81,-30.0,134,-43.0,19.4,0.6,-60.5
BTCUSDm,16-18,BREAK48,3.0,24,253,8.0,25.3,1.04,-21.0,170,-33.0,19.4,0.75,-41.0,131,-52.0,14.5,0.52,-64.0
BTCUSDm,16-18,BREAK48,3.0,48,253,17.0,26.5,1.09,-18.0,170,-30.0,20.6,0.78,-38.0,131,-47.0,16.0,0.57,-65.0
BTCUSDm,16-18,MOMEMA,2.0,24,1051,21.0,33.8,1.03,-47.0,646,-49.0,30.5,0.89,-56.0,527,-40.0,30.4,0.89,-72.0
BTCUSDm,16-18,MOMEMA,2.0,48,1051,26.0,34.2,1.04,-43.0,646,-46.0,31.0,0.9,-53.0,527,-40.0,30.7,0.89,-74.0
BTCUSDm,16-18,MOMEMA,2.5,24,992,32.0,28.8,1.05,-39.5,606,-46.0,25.7,0.89,-55.0,494,-58.0,24.3,0.84,-86.5
BTCUSDm,16-18,MOMEMA,2.5,48,992,45.0,29.8,1.06,-43.0,606,-28.5,27.2,0.94,-44.5,494,-54.5,25.3,0.85,-87.5
BTCUSDm,16-18,MOMEMA,3.0,24,942,7.0,24.3,1.01,-41.0,582,-42.0,22.3,0.9,-67.0,482,-57.0,21.0,0.84,-82.0
BTCUSDm,16-18,MOMEMA,3.0,48,942,39.0,25.9,1.06,-44.0,582,-17.0,24.2,0.96,-57.0,482,-48.0,22.4,0.87,-80.0
BTCUSDm,16-18,EMACROSS,2.0,24,136,17.0,37.5,1.2,-8.0,66,-6.0,30.3,0.87,-12.0,55,0.0,32.7,1.0,-12.0
BTCUSDm,16-18,EMACROSS,2.0,48,136,17.0,37.5,1.2,-8.0,66,-6.0,30.3,0.87,-12.0,55,0.0,32.7,1.0,-12.0
BTCUSDm,16-18,EMACROSS,2.5,24,136,16.5,31.6,1.18,-13.0,66,0.5,28.8,1.01,-11.0,55,-8.5,23.6,0.79,-15.5
BTCUSDm,16-18,EMACROSS,2.5,48,136,18.0,32.4,1.2,-11.5,66,0.5,28.8,1.01,-11.0,55,-8.5,23.6,0.79,-15.5
BTCUSDm,16-18,EMACROSS,3.0,24,136,12.0,26.5,1.12,-17.0,66,-2.0,24.2,0.96,-11.0,55,-10.0,20.0,0.77,-18.0
BTCUSDm,16-18,EMACROSS,3.0,48,136,17.0,27.9,1.18,-15.0,66,-2.0,24.2,0.96,-11.0,55,-10.0,20.0,0.77,-18.0
BTCUSDm,16-18,RETEST24,2.0,24,514,-11.0,32.1,0.97,-45.0,275,22.0,35.6,1.13,-11.0,246,18.0,35.4,1.12,-17.0
BTCUSDm,16-18,RETEST24,2.0,48,514,0.0,33.3,1.0,-39.0,275,19.0,35.6,1.11,-11.0,246,18.0,35.8,1.11,-17.0
BTCUSDm,16-18,RETEST24,2.5,24,506,-25.5,26.3,0.93,-43.5,273,17.5,29.7,1.09,-19.0,244,15.5,29.1,1.1,-15.5
BTCUSDm,16-18,RETEST24,2.5,48,506,-10.5,27.9,0.97,-32.0,273,15.0,30.0,1.08,-21.0,244,17.0,30.3,1.1,-16.5
BTCUSDm,16-18,RETEST24,3.0,24,500,-38.0,21.6,0.9,-55.0,271,7.0,24.4,1.04,-22.0,242,19.0,25.2,1.12,-14.0
BTCUSDm,16-18,RETEST24,3.0,48,500,0.0,24.8,1.0,-32.0,271,4.0,25.1,1.02,-22.0,242,28.0,27.7,1.16,-13.0
BTCUSDm,16-18,RETEST48,2.0,24,346,28.0,35.5,1.13,-32.0,194,27.0,37.6,1.23,-12.0,138,35.0,41.3,1.44,-16.0
BTCUSDm,16-18,RETEST48,2.0,48,346,36.0,36.7,1.17,-30.0,194,25.0,37.6,1.21,-12.0,138,36.0,42.0,1.45,-16.0
BTCUSDm,16-18,RETEST48,2.5,24,342,9.5,28.4,1.04,-32.0,192,25.5,31.8,1.2,-10.0,137,33.0,33.6,1.4,-17.5
BTCUSDm,16-18,RETEST48,2.5,48,342,20.5,30.1,1.09,-23.0,192,25.0,32.3,1.19,-10.0,137,33.0,35.0,1.38,-17.5
BTCUSDm,16-18,RETEST48,3.0,24,341,5.0,23.8,1.02,-39.0,192,15.0,25.5,1.11,-15.0,137,28.0,27.7,1.33,-17.0
BTCUSDm,16-18,RETEST48,3.0,48,341,38.0,27.6,1.16,-23.0,192,18.0,27.1,1.13,-14.0,137,34.0,30.7,1.37,-17.0
BTCUSDm,16-18,VWAP,2.0,24,175,16.0,36.0,1.15,-10.0,119,10.0,35.3,1.14,-13.0,80,5.0,35.0,1.1,-7.0
BTCUSDm,16-18,VWAP,2.0,48,175,14.0,36.0,1.12,-10.0,119,14.0,37.0,1.19,-13.0,80,7.0,36.2,1.14,-6.0
BTCUSDm,16-18,VWAP,2.5,24,175,17.5,30.3,1.15,-9.5,113,-11.5,23.9,0.85,-26.0,80,14.0,32.5,1.27,-6.5
BTCUSDm,16-18,VWAP,2.5,48,175,18.5,31.4,1.16,-10.0,113,-3.5,27.4,0.96,-25.5,80,18.0,35.0,1.35,-5.5
BTCUSDm,16-18,VWAP,3.0,24,174,31.0,28.2,1.27,-15.0,113,-10.0,20.4,0.87,-30.0,78,4.0,24.4,1.08,-10.0
BTCUSDm,16-18,VWAP,3.0,48,174,32.0,29.3,1.26,-15.0,113,9.0,26.5,1.11,-22.0,78,11.0,28.2,1.2,-10.0
BTCUSDm,16-18,RSI2,2.0,24,455,-18.0,31.9,0.94,-54.0,281,32.0,37.0,1.18,-22.0,220,34.0,38.2,1.25,-15.0
BTCUSDm,16-18,RSI2,2.0,48,455,-17.0,32.1,0.94,-55.0,281,31.0,37.0,1.18,-22.0,220,35.0,38.6,1.26,-15.0
BTCUSDm,16-18,RSI2,2.5,24,449,-29.0,26.3,0.91,-57.5,276,9.0,29.0,1.05,-24.0,217,34.0,32.3,1.24,-14.5
BTCUSDm,16-18,RSI2,2.5,48,449,-22.0,27.2,0.93,-55.5,276,4.0,29.0,1.02,-28.5,217,32.5,32.7,1.22,-14.5
BTCUSDm,16-18,RSI2,3.0,24,446,-10.0,23.8,0.97,-50.0,274,2.0,24.1,1.01,-31.0,214,13.0,24.8,1.09,-15.0
BTCUSDm,16-18,RSI2,3.0,48,446,-2.0,24.9,0.99,-48.0,274,7.0,25.5,1.03,-30.0,214,21.0,27.1,1.14,-17.0
BTCUSDm,18-20,BREAK24,2.0,24,501,-24.0,31.5,0.93,-57.0,257,-43.0,27.2,0.77,-49.0,178,-31.0,27.5,0.76,-46.0
BTCUSDm,18-20,BREAK24,2.0,48,501,-21.0,31.9,0.94,-55.0,257,-47.0,27.2,0.75,-53.0,178,-31.0,27.5,0.76,-46.0
BTCUSDm,18-20,BREAK24,2.5,24,477,-25.0,26.8,0.93,-55.0,251,-43.0,23.1,0.77,-56.0,172,-31.0,23.3,0.76,-47.5
BTCUSDm,18-20,BREAK24,2.5,48,477,-22.0,27.3,0.94,-56.0,251,-47.0,23.1,0.76,-60.0,172,-32.0,23.3,0.76,-47.5
BTCUSDm,18-20,BREAK24,3.0,24,461,-24.0,23.4,0.93,-59.0,244,-39.0,20.5,0.79,-59.0,170,-54.0,15.9,0.6,-59.0
BTCUSDm,18-20,BREAK24,3.0,48,461,-21.0,23.9,0.94,-60.0,244,-43.0,20.5,0.78,-62.0,170,-49.0,17.6,0.65,-57.0
BTCUSDm,18-20,BREAK48,2.0,24,315,-4.0,32.7,0.98,-26.0,155,-33.0,25.8,0.71,-39.0,92,-23.0,25.0,0.67,-27.0
BTCUSDm,18-20,BREAK48,2.0,48,315,0.0,33.3,1.0,-26.0,155,-35.0,25.8,0.7,-41.0,92,-23.0,25.0,0.67,-27.0
BTCUSDm,18-20,BREAK48,2.5,24,300,-11.0,27.3,0.95,-34.5,150,-38.5,20.7,0.67,-44.5,88,-14.5,23.9,0.78,-22.0
BTCUSDm,18-20,BREAK48,2.5,48,300,-6.0,28.0,0.97,-34.5,150,-40.5,20.7,0.66,-46.5,88,-14.5,23.9,0.78,-22.0
BTCUSDm,18-20,BREAK48,3.0,24,292,-18.0,23.3,0.92,-39.0,146,-43.0,17.1,0.64,-50.0,88,-25.0,17.0,0.64,-32.0
BTCUSDm,18-20,BREAK48,3.0,48,292,-12.0,24.0,0.95,-39.0,146,-45.0,17.1,0.62,-52.0,88,-20.0,19.3,0.72,-27.0
BTCUSDm,18-20,MOMEMA,2.0,24,1065,69.0,35.2,1.1,-38.0,612,6.0,33.2,1.01,-40.0,521,-99.0,26.7,0.74,-119.0
BTCUSDm,18-20,MOMEMA,2.0,48,1065,70.0,35.5,1.1,-41.0,612,4.0,33.5,1.01,-42.0,521,-99.0,26.9,0.74,-118.0
BTCUSDm,18-20,MOMEMA,2.5,24,993,46.0,29.2,1.07,-49.5,572,-27.5,26.4,0.93,-68.0,495,-105.0,21.8,0.72,-129.0
BTCUSDm,18-20,MOMEMA,2.5,48,993,55.5,30.1,1.08,-52.5,572,-27.5,27.1,0.93,-74.5,495,-104.5,22.4,0.73,-127.5
BTCUSDm,18-20,MOMEMA,3.0,24,948,37.0,25.0,1.05,-53.0,544,-21.0,22.6,0.95,-69.0,482,-127.0,17.4,0.66,-148.0
BTCUSDm,18-20,MOMEMA,3.0,48,948,75.0,26.9,1.11,-53.0,544,-20.0,23.7,0.95,-71.0,482,-123.0,18.3,0.68,-144.0
BTCUSDm,18-20,EMACROSS,2.0,24,128,10.0,35.9,1.12,-11.0,82,12.0,37.8,1.24,-11.0,59,-5.0,30.5,0.88,-13.0
BTCUSDm,18-20,EMACROSS,2.0,48,128,10.0,35.9,1.12,-11.0,82,14.0,39.0,1.28,-11.0,59,-5.0,30.5,0.88,-13.0
BTCUSDm,18-20,EMACROSS,2.5,24,128,2.5,28.9,1.03,-19.5,82,0.5,28.0,1.01,-15.0,59,-9.0,23.7,0.8,-15.5
BTCUSDm,18-20,EMACROSS,2.5,48,128,5.0,29.7,1.06,-17.0,82,5.5,30.5,1.1,-14.0,59,-6.5,25.4,0.85,-15.5
BTCUSDm,18-20,EMACROSS,3.0,24,128,-6.0,23.4,0.94,-26.0,82,-7.0,22.0,0.89,-15.0,59,-17.0,15.3,0.61,-19.0
BTCUSDm,18-20,EMACROSS,3.0,48,128,-4.0,24.2,0.96,-24.0,82,-5.0,23.2,0.92,-15.0,59,-14.0,18.6,0.7,-16.0
BTCUSDm,18-20,RETEST24,2.0,24,534,-7.0,32.8,0.98,-45.0,302,13.0,34.4,1.07,-16.0,234,14.0,34.6,1.09,-22.0
BTCUSDm,18-20,RETEST24,2.0,48,534,-6.0,33.0,0.98,-45.0,302,13.0,34.8,1.07,-18.0,234,13.0,35.0,1.09,-24.0
BTCUSDm,18-20,RETEST24,2.5,24,528,-8.0,27.7,0.98,-48.5,300,21.0,30.0,1.1,-15.0,233,-1.5,27.0,0.99,-23.0
BTCUSDm,18-20,RETEST24,2.5,48,528,5.0,28.8,1.01,-45.0,300,25.5,31.0,1.12,-15.0,233,-4.5,27.9,0.97,-20.0
BTCUSDm,18-20,RETEST24,3.0,24,523,-26.0,22.9,0.93,-58.0,296,10.0,24.7,1.05,-20.0,230,-13.0,21.3,0.92,-26.0
BTCUSDm,18-20,RETEST24,3.0,48,523,-10.0,24.3,0.97,-50.0,296,23.0,26.7,1.11,-22.0,230,8.0,25.7,1.05,-16.0
BTCUSDm,18-20,RETEST48,2.0,24,331,-6.0,32.6,0.97,-40.0,190,5.0,33.7,1.04,-15.0,129,17.0,37.2,1.22,-10.0
BTCUSDm,18-20,RETEST48,2.0,48,331,-7.0,32.6,0.97,-40.0,190,5.0,34.2,1.04,-17.0,129,15.0,37.2,1.19,-10.0
BTCUSDm,18-20,RETEST48,2.5,24,330,-3.0,27.9,0.99,-41.0,190,0.5,27.9,1.0,-16.0,129,4.0,27.9,1.05,-12.5
BTCUSDm,18-20,RETEST48,2.5,48,330,3.5,28.8,1.01,-36.5,190,2.5,28.9,1.02,-15.5,129,4.0,29.5,1.04,-12.5
BTCUSDm,18-20,RETEST48,3.0,24,330,-6.0,23.9,0.98,-44.0,190,-8.0,22.6,0.94,-18.0,129,0.0,22.5,1.0,-15.0
BTCUSDm,18-20,RETEST48,3.0,48,330,5.0,25.2,1.02,-35.0,190,3.0,25.3,1.02,-15.0,129,15.0,27.9,1.16,-12.0
BTCUSDm,18-20,VWAP,2.0,24,121,17.0,38.0,1.23,-11.0,77,13.0,39.0,1.28,-8.0,58,11.0,37.9,1.33,-6.0
BTCUSDm,18-20,VWAP,2.0,48,121,17.0,38.0,1.23,-11.0,77,13.0,39.0,1.28,-8.0,58,9.0,37.9,1.26,-7.0
BTCUSDm,18-20,VWAP,2.5,24,120,17.5,32.5,1.22,-18.5,77,24.5,37.7,1.51,-10.0,57,6.5,29.8,1.18,-7.5
BTCUSDm,18-20,VWAP,2.5,48,120,16.5,32.5,1.2,-18.5,77,24.5,37.7,1.51,-10.0,57,8.0,31.6,1.22,-8.5
BTCUSDm,18-20,VWAP,3.0,24,120,23.0,29.2,1.28,-21.0,76,33.0,35.5,1.69,-10.0,55,-2.0,21.8,0.95,-8.0
BTCUSDm,18-20,VWAP,3.0,48,120,28.0,30.8,1.34,-21.0,76,32.0,35.5,1.65,-11.0,55,0.0,23.6,1.0,-8.0
BTCUSDm,18-20,RSI2,2.0,24,506,-9.0,32.4,0.97,-54.0,261,19.0,35.6,1.11,-26.0,185,14.0,35.1,1.12,-13.0
BTCUSDm,18-20,RSI2,2.0,48,506,-1.0,33.2,1.0,-51.0,261,21.0,36.0,1.13,-26.0,185,17.0,36.2,1.15,-13.0
BTCUSDm,18-20,RSI2,2.5,24,498,-22.5,26.7,0.94,-63.5,257,14.5,30.0,1.08,-25.5,184,22.5,31.0,1.19,-12.5
BTCUSDm,18-20,RSI2,2.5,48,498,-13.0,27.7,0.96,-61.0,257,19.5,30.7,1.11,-25.5,184,34.0,33.7,1.28,-13.0
BTCUSDm,18-20,RSI2,3.0,24,487,-45.0,21.6,0.88,-66.0,254,24.0,26.8,1.13,-28.0,182,16.0,25.3,1.13,-15.0
BTCUSDm,18-20,RSI2,3.0,48,487,-29.0,23.2,0.92,-59.0,254,27.0,27.6,1.15,-28.0,182,32.0,29.1,1.25,-15.0
BTCUSDm,20-22,BREAK24,2.0,24,470,-15.0,32.1,0.95,-39.0,253,-13.0,31.6,0.92,-26.0,211,-13.0,31.3,0.91,-21.0
BTCUSDm,20-22,BREAK24,2.0,48,470,-16.0,32.1,0.95,-39.0,253,-13.0,31.6,0.92,-26.0,211,-13.0,31.3,0.91,-21.0
BTCUSDm,20-22,BREAK24,2.5,24,452,-31.0,26.1,0.9,-46.5,246,-12.0,26.8,0.93,-24.5,203,5.5,29.1,1.04,-16.5
BTCUSDm,20-22,BREAK24,2.5,48,452,-26.5,26.8,0.92,-43.5,246,-11.5,27.2,0.94,-24.5,203,3.5,29.1,1.02,-17.5
BTCUSDm,20-22,BREAK24,3.0,24,443,-63.0,20.5,0.81,-65.0,239,9.0,25.1,1.05,-25.0,199,2.0,24.6,1.01,-17.0
BTCUSDm,20-22,BREAK24,3.0,48,443,-41.0,22.6,0.88,-46.0,239,17.0,26.8,1.1,-26.0,199,1.0,25.1,1.01,-20.0
BTCUSDm,20-22,BREAK48,2.0,24,310,-24.0,30.6,0.89,-37.0,147,-3.0,32.7,0.97,-17.0,111,-9.0,30.6,0.88,-16.0
BTCUSDm,20-22,BREAK48,2.0,48,310,-25.0,30.6,0.88,-37.0,147,-3.0,32.7,0.97,-17.0,111,-9.0,30.6,0.88,-16.0
BTCUSDm,20-22,BREAK48,2.5,24,295,-32.0,25.1,0.85,-36.0,142,-4.5,27.5,0.96,-21.5,109,-6.5,26.6,0.92,-16.5
BTCUSDm,20-22,BREAK48,2.5,48,295,-29.0,25.8,0.87,-32.0,142,-2.0,28.2,0.98,-19.0,109,-7.5,26.6,0.91,-16.5
BTCUSDm,20-22,BREAK48,3.0,24,288,-48.0,20.1,0.78,-52.0,139,8.0,25.9,1.08,-21.0,107,-1.0,24.3,0.99,-17.0
BTCUSDm,20-22,BREAK48,3.0,48,288,-36.0,21.9,0.84,-45.0,139,13.0,27.3,1.13,-17.0,107,-3.0,24.3,0.96,-17.0
BTCUSDm,20-22,MOMEMA,2.0,24,1038,75.0,35.5,1.11,-20.0,626,12.0,33.5,1.03,-35.0,519,-28.0,31.2,0.92,-54.0
BTCUSDm,20-22,MOMEMA,2.0,48,1038,75.0,35.7,1.11,-21.0,626,16.0,34.2,1.04,-34.0,519,-24.0,31.8,0.93,-56.0
BTCUSDm,20-22,MOMEMA,2.5,24,977,9.0,28.2,1.01,-36.5,584,14.0,28.8,1.03,-31.0,487,-9.5,27.3,0.97,-42.5
BTCUSDm,20-22,MOMEMA,2.5,48,977,22.5,29.2,1.03,-35.0,584,8.5,28.9,1.02,-33.0,487,-11.0,27.9,0.97,-47.5
BTCUSDm,20-22,MOMEMA,3.0,24,945,16.0,24.6,1.02,-34.0,565,42.0,26.0,1.11,-20.0,472,16.0,25.2,1.05,-35.0
BTCUSDm,20-22,MOMEMA,3.0,48,945,41.0,26.0,1.06,-32.0,565,41.0,26.5,1.1,-21.0,472,12.0,25.6,1.03,-40.0
BTCUSDm,20-22,EMACROSS,2.0,24,148,4.0,33.8,1.04,-15.0,89,-10.0,29.2,0.84,-22.0,73,-6.0,30.1,0.88,-18.0
BTCUSDm,20-22,EMACROSS,2.0,48,148,5.0,34.5,1.05,-16.0,89,-10.0,29.2,0.84,-22.0,73,-4.0,31.5,0.92,-18.0
BTCUSDm,20-22,EMACROSS,2.5,24,148,-3.0,27.0,0.97,-18.0,89,-4.0,27.0,0.94,-18.0,73,-1.0,27.4,0.98,-17.0
BTCUSDm,20-22,EMACROSS,2.5,48,148,-1.0,28.4,0.99,-15.0,89,-4.0,27.0,0.94,-18.0,73,0.5,28.8,1.01,-17.0
BTCUSDm,20-22,EMACROSS,3.0,24,148,6.0,25.0,1.06,-15.0,89,-3.0,23.6,0.95,-22.0,73,2.0,24.7,1.04,-16.0
BTCUSDm,20-22,EMACROSS,3.0,48,148,9.0,26.4,1.08,-15.0,89,-4.0,23.6,0.94,-23.0,73,3.0,26.0,1.06,-16.0
BTCUSDm,20-22,RETEST24,2.0,24,506,-38.0,30.4,0.89,-52.0,295,53.0,38.6,1.3,-19.0,250,50.0,40.0,1.33,-21.0
BTCUSDm,20-22,RETEST24,2.0,48,506,-31.0,31.2,0.91,-48.0,295,56.0,39.7,1.31,-19.0,250,50.0,40.0,1.33,-21.0
BTCUSDm,20-22,RETEST24,2.5,24,499,-15.0,26.9,0.96,-34.0,289,38.0,31.1,1.2,-20.0,248,47.0,33.9,1.29,-24.5
BTCUSDm,20-22,RETEST24,2.5,48,499,2.5,28.7,1.01,-32.0,289,49.0,33.2,1.26,-20.0,248,46.0,33.9,1.28,-24.5
BTCUSDm,20-22,RETEST24,3.0,24,492,-43.0,21.3,0.88,-64.0,287,22.0,25.1,1.11,-25.0,242,35.0,27.7,1.21,-26.0
BTCUSDm,20-22,RETEST24,3.0,48,492,-4.0,24.6,0.99,-45.0,287,31.0,27.2,1.15,-24.0,242,46.0,29.8,1.27,-24.0
BTCUSDm,20-22,RETEST48,2.0,24,321,15.0,34.3,1.07,-19.0,181,42.0,40.3,1.4,-12.0,131,35.0,42.0,1.47,-16.0
BTCUSDm,20-22,RETEST48,2.0,48,321,24.0,35.8,1.12,-20.0,181,44.0,41.4,1.42,-13.0,131,34.0,42.0,1.45,-16.0
BTCUSDm,20-22,RETEST48,2.5,24,317,32.0,30.3,1.15,-23.0,178,34.0,32.6,1.31,-11.5,131,34.5,35.9,1.42,-14.5
BTCUSDm,20-22,RETEST48,2.5,48,317,48.0,32.8,1.23,-21.5,178,44.5,35.4,1.39,-11.5,131,33.5,35.9,1.4,-14.5
BTCUSDm,20-22,RETEST48,3.0,24,316,6.0,23.4,1.03,-21.0,177,7.0,23.7,1.06,-15.0,131,22.0,28.2,1.25,-16.0
BTCUSDm,20-22,RETEST48,3.0,48,316,43.0,28.2,1.19,-15.0,177,13.0,26.0,1.1,-16.0,131,29.0,30.5,1.32,-17.0
BTCUSDm,20-22,VWAP,2.0,24,158,-21.0,28.5,0.81,-30.0,88,-1.0,33.0,0.98,-12.0,59,7.0,37.3,1.19,-8.0
BTCUSDm,20-22,VWAP,2.0,48,158,-20.0,29.1,0.82,-30.0,88,-1.0,33.0,0.98,-12.0,59,7.0,37.3,1.19,-8.0
BTCUSDm,20-22,VWAP,2.5,24,153,-20.5,24.2,0.82,-31.0,86,1.5,29.1,1.02,-16.0,56,-7.0,25.0,0.83,-13.0
BTCUSDm,20-22,VWAP,2.5,48,153,-20.0,24.8,0.83,-31.5,86,1.5,29.1,1.02,-16.0,56,-7.0,25.0,0.83,-13.0
BTCUSDm,20-22,VWAP,3.0,24,150,-35.0,18.0,0.7,-40.0,85,-4.0,23.5,0.94,-18.0,56,-11.0,19.6,0.75,-14.0
BTCUSDm,20-22,VWAP,3.0,48,150,-30.0,20.0,0.75,-34.0,85,-5.0,23.5,0.92,-18.0,56,-8.0,21.4,0.82,-14.0
BTCUSDm,20-22,RSI2,2.0,24,480,3.0,33.3,1.01,-32.0,263,14.0,35.0,1.08,-28.0,226,69.0,43.4,1.54,-7.0
BTCUSDm,20-22,RSI2,2.0,48,480,3.0,33.5,1.01,-34.0,263,16.0,35.4,1.09,-28.0,226,68.0,43.4,1.53,-7.0
BTCUSDm,20-22,RSI2,2.5,24,474,14.5,28.9,1.04,-27.0,259,25.0,30.9,1.14,-26.5,222,79.0,37.8,1.6,-7.0
BTCUSDm,20-22,RSI2,2.5,48,474,20.5,29.7,1.06,-30.0,259,29.0,31.7,1.16,-24.0,222,93.0,40.5,1.7,-7.0
BTCUSDm,20-22,RSI2,3.0,24,473,8.0,24.3,1.02,-33.0,256,12.0,25.0,1.07,-31.0,221,91.0,33.9,1.68,-9.0
BTCUSDm,20-22,RSI2,3.0,48,473,21.0,26.0,1.06,-31.0,256,22.0,27.0,1.12,-25.0,221,111.0,37.6,1.8,-9.0
BTCUSDm,22-24,BREAK24,2.0,24,493,-5.0,32.9,0.98,-50.0,244,-11.0,31.6,0.93,-29.0,216,-9.0,31.5,0.94,-22.0
BTCUSDm,22-24,BREAK24,2.0,48,493,-4.0,33.1,0.99,-49.0,244,-13.0,31.6,0.92,-30.0,216,-11.0,31.5,0.93,-23.0
BTCUSDm,22-24,BREAK24,2.5,24,476,-18.0,27.3,0.95,-58.5,235,-8.0,27.2,0.95,-28.5,211,-13.5,26.1,0.91,-34.0
BTCUSDm,22-24,BREAK24,2.5,48,476,-20.0,27.3,0.94,-60.5,235,-11.0,27.2,0.94,-29.5,211,-14.0,26.5,0.91,-33.5
BTCUSDm,22-24,BREAK24,3.0,24,464,4.0,24.8,1.01,-58.0,228,-8.0,23.7,0.95,-27.0,209,-2.0,23.9,0.99,-26.0
BTCUSDm,22-24,BREAK24,3.0,48,464,6.0,25.2,1.02,-58.0,228,-12.0,23.7,0.93,-28.0,209,-7.0,23.9,0.96,-29.0
BTCUSDm,22-24,BREAK48,2.0,24,317,-8.0,32.5,0.96,-53.0,144,-9.0,31.2,0.91,-20.0,153,-19.0,28.8,0.82,-33.0
BTCUSDm,22-24,BREAK48,2.0,48,317,-8.0,32.5,0.96,-53.0,144,-9.0,31.2,0.91,-20.0,153,-20.0,28.8,0.81,-34.0
BTCUSDm,22-24,BREAK48,2.5,24,308,-7.0,27.9,0.97,-43.5,140,-7.0,27.1,0.93,-18.0,151,-25.5,23.2,0.77,-38.5
BTCUSDm,22-24,BREAK48,2.5,48,308,-7.0,27.9,0.97,-43.5,140,-7.0,27.1,0.93,-18.0,151,-24.0,23.8,0.79,-37.0
BTCUSDm,22-24,BREAK48,3.0,24,297,10.0,25.6,1.05,-40.0,136,-16.0,22.1,0.85,-29.0,150,-21.0,20.7,0.82,-33.0
BTCUSDm,22-24,BREAK48,3.0,48,297,16.0,26.3,1.07,-37.0,136,-16.0,22.1,0.85,-29.0,150,-24.0,20.7,0.79,-35.0
BTCUSDm,22-24,MOMEMA,2.0,24,1053,76.0,35.4,1.11,-51.0,627,-26.0,31.7,0.94,-47.0,575,-10.0,32.5,0.97,-34.0
BTCUSDm,22-24,MOMEMA,2.0,48,1053,81.0,35.9,1.12,-50.0,627,-26.0,31.9,0.94,-48.0,575,-14.0,32.5,0.96,-37.0
BTCUSDm,22-24,MOMEMA,2.5,24,981,79.0,30.4,1.12,-50.0,597,-43.5,26.0,0.9,-46.0,552,-22.0,27.2,0.94,-54.5
BTCUSDm,22-24,MOMEMA,2.5,48,981,86.5,31.1,1.13,-45.5,597,-43.0,26.5,0.9,-48.0,552,-27.0,27.2,0.93,-55.5
BTCUSDm,22-24,MOMEMA,3.0,24,938,67.0,26.1,1.1,-43.0,582,-68.0,21.3,0.85,-71.0,528,8.0,24.8,1.02,-38.0
BTCUSDm,22-24,MOMEMA,3.0,48,938,80.0,27.1,1.12,-35.0,582,-58.0,22.3,0.87,-63.0,528,10.0,25.4,1.03,-35.0
BTCUSDm,22-24,EMACROSS,2.0,24,154,-5.0,31.8,0.95,-22.0,89,1.0,33.7,1.02,-11.0,86,4.0,34.9,1.07,-8.0
BTCUSDm,22-24,EMACROSS,2.0,48,154,-1.0,33.1,0.99,-20.0,89,1.0,33.7,1.02,-11.0,86,4.0,34.9,1.07,-8.0
BTCUSDm,22-24,EMACROSS,2.5,24,154,-7.5,26.6,0.93,-21.5,89,6.5,30.3,1.11,-8.5,86,-2.0,27.9,0.97,-9.0
BTCUSDm,22-24,EMACROSS,2.5,48,154,-7.0,27.3,0.94,-19.0,89,5.5,30.3,1.09,-8.5,86,-2.0,27.9,0.97,-9.0
BTCUSDm,22-24,EMACROSS,3.0,24,154,-15.0,22.1,0.87,-25.0,89,12.0,28.1,1.19,-11.0,86,-6.0,23.3,0.91,-15.0
BTCUSDm,22-24,EMACROSS,3.0,48,154,-14.0,22.7,0.88,-22.0,89,11.0,28.1,1.17,-12.0,86,-6.0,23.3,0.91,-15.0
BTCUSDm,22-24,RETEST24,2.0,24,501,-19.0,31.9,0.94,-61.0,278,5.0,33.8,1.03,-37.0,265,11.0,34.3,1.06,-22.0
BTCUSDm,22-24,RETEST24,2.0,48,501,-20.0,31.9,0.94,-61.0,278,7.0,34.2,1.04,-37.0,265,15.0,35.1,1.09,-22.0
BTCUSDm,22-24,RETEST24,2.5,24,492,-60.5,24.6,0.83,-75.5,274,16.0,29.9,1.08,-39.5,262,11.5,29.4,1.06,-22.0
BTCUSDm,22-24,RETEST24,2.5,48,492,-53.5,25.4,0.85,-72.5,274,21.0,30.7,1.11,-37.0,262,13.0,29.8,1.07,-22.0
BTCUSDm,22-24,RETEST24,3.0,24,485,-82.0,19.8,0.78,-95.0,270,9.0,25.2,1.05,-43.0,256,2.0,24.2,1.01,-28.0
BTCUSDm,22-24,RETEST24,3.0,48,485,-69.0,21.2,0.82,-87.0,270,13.0,25.9,1.07,-39.0,256,3.0,25.0,1.02,-30.0
BTCUSDm,22-24,RETEST48,2.0,24,312,14.0,34.6,1.07,-42.0,151,23.0,38.4,1.25,-18.0,184,1.0,33.2,1.01,-20.0
BTCUSDm,22-24,RETEST48,2.0,48,312,13.0,34.6,1.06,-42.0,151,23.0,38.4,1.25,-18.0,184,3.0,33.7,1.02,-20.0
BTCUSDm,22-24,RETEST48,2.5,24,309,-5.5,27.5,0.97,-52.5,150,30.5,34.0,1.31,-19.5,182,-5.0,27.5,0.96,-26.0
BTCUSDm,22-24,RETEST48,2.5,48,309,0.0,28.5,1.0,-48.5,150,35.5,35.3,1.37,-17.0,182,-5.0,27.5,0.96,-26.0
BTCUSDm,22-24,RETEST48,3.0,24,307,-21.0,22.1,0.91,-62.0,148,18.0,27.0,1.18,-19.0,182,-8.0,23.1,0.94,-26.0
BTCUSDm,22-24,RETEST48,3.0,48,307,-14.0,23.5,0.94,-54.0,148,22.0,28.4,1.21,-16.0,182,-7.0,23.6,0.95,-27.0
BTCUSDm,22-24,VWAP,2.0,24,127,17.0,37.8,1.22,-7.0,77,-11.0,28.6,0.8,-18.0,62,10.0,38.7,1.26,-9.0
BTCUSDm,22-24,VWAP,2.0,48,127,17.0,37.8,1.22,-7.0,77,-11.0,28.6,0.8,-18.0,62,10.0,38.7,1.26,-9.0
BTCUSDm,22-24,VWAP,2.5,24,125,21.5,32.8,1.27,-7.0,77,-3.5,27.3,0.94,-16.5,62,15.0,35.5,1.38,-9.5
BTCUSDm,22-24,VWAP,2.5,48,125,22.0,33.6,1.27,-7.0,77,-3.5,27.3,0.94,-16.5,62,15.0,35.5,1.38,-9.5
BTCUSDm,22-24,VWAP,3.0,24,126,17.0,27.0,1.2,-9.0,77,3.0,26.0,1.05,-19.0,62,18.0,32.3,1.43,-7.0
BTCUSDm,22-24,VWAP,3.0,48,126,19.0,28.6,1.21,-9.0,77,3.0,26.0,1.05,-19.0,62,18.0,32.3,1.43,-7.0
BTCUSDm,22-24,RSI2,2.0,24,501,-21.0,31.7,0.94,-51.0,255,0.0,33.3,1.0,-24.0,223,10.0,34.5,1.07,-21.0
BTCUSDm,22-24,RSI2,2.0,48,501,-24.0,31.7,0.93,-52.0,255,0.0,33.3,1.0,-24.0,223,12.0,35.0,1.08,-21.0
BTCUSDm,22-24,RSI2,2.5,24,495,-28.5,26.5,0.92,-55.0,251,-4.0,27.9,0.98,-22.0,217,-0.5,28.1,1.0,-27.0
BTCUSDm,22-24,RSI2,2.5,48,495,-28.5,26.9,0.92,-56.0,251,-2.5,28.3,0.99,-22.0,217,2.0,28.6,1.01,-27.0
BTCUSDm,22-24,RSI2,3.0,24,492,-24.0,23.0,0.93,-54.0,247,-5.0,24.3,0.97,-30.0,215,13.0,26.0,1.08,-25.0
BTCUSDm,22-24,RSI2,3.0,48,492,-18.0,24.0,0.95,-48.0,247,-7.0,24.3,0.96,-30.0,215,19.0,27.0,1.12,-22.0
